# MagicaVoxel @ Ephtracy

# group
o 

# material
mtllib GameBoy1.mtl
usemtl palette

# normals
vn -1 0 0
vn 1 0 0
vn 0 0 1
vn 0 0 -1
vn 0 -1 0
vn 0 1 0

# texcoords
vt 0.783203 0.5
vt 0.814453 0.5
vt 0.818359 0.5
vt 0.822266 0.5
vt 0.830078 0.5
vt 0.833984 0.5
vt 0.837891 0.5
vt 0.841797 0.5
vt 0.849609 0.5
vt 0.853516 0.5
vt 0.865234 0.5
vt 0.869141 0.5
vt 0.876953 0.5
vt 0.880859 0.5
vt 0.884766 0.5
vt 0.888672 0.5
vt 0.896484 0.5
vt 0.908203 0.5
vt 0.912109 0.5
vt 0.919922 0.5
vt 0.923828 0.5
vt 0.927734 0.5
vt 0.931641 0.5
vt 0.939453 0.5
vt 0.947266 0.5
vt 0.955078 0.5
vt 0.962891 0.5
vt 0.966797 0.5

# verts
v -1.9 0.3 3.1
v -1.9 0.3 2.9
v -1.9 0.3 2
v -1.9 0.3 1.9
v -1.9 0.3 1.8
v -1.9 0.3 1.7
v -1.9 0.3 1.6
v -1.9 0.3 1.5
v -1.9 0.3 1.4
v -1.9 0.3 1.3
v -1.9 0.3 1.2
v -1.9 0.3 1.1
v -1.9 0.3 1
v -1.9 0.3 0.9
v -1.9 0.3 0.8
v -1.9 0.3 0.7
v -1.9 0.3 0.6
v -1.9 0.3 0.5
v -1.9 0.3 0.4
v -1.9 0.3 0.3
v -1.9 0.3 -3.1
v -1.9 0.4 -2.2
v -1.9 0.4 -2.8
v -1.9 0.6 3.1
v -1.9 0.6 2.9
v -1.9 0.7 3.1
v -1.9 0.7 2
v -1.9 0.7 1.9
v -1.9 0.7 1.8
v -1.9 0.7 1.7
v -1.9 0.7 1.6
v -1.9 0.7 1.5
v -1.9 0.7 1.4
v -1.9 0.7 1.3
v -1.9 0.7 1.2
v -1.9 0.7 1.1
v -1.9 0.7 1
v -1.9 0.7 0.9
v -1.9 0.7 0.8
v -1.9 0.7 0.7
v -1.9 0.7 0.6
v -1.9 0.7 0.5
v -1.9 0.7 0.4
v -1.9 0.7 0.3
v -1.9 0.7 -2.2
v -1.9 0.7 -2.8
v -1.9 0.7 -3.1
v -1.9 0.8 3.1
v -1.9 0.8 -0.7
v -1.9 0.8 -1.3
v -1.9 0.8 -3.1
v -1.9 1 -2.8
v -1.9 1 -2.9
v -1.9 1.1 3.1
v -1.9 1.1 -0.7
v -1.9 1.1 -1.3
v -1.9 1.1 -2.8
v -1.9 1.1 -2.9
v -1.9 1.1 -3.1
v -1.8 0.3 -3.1
v -1.8 0.3 -3.2
v -1.8 0.4 2
v -1.8 0.4 1.9
v -1.8 0.4 1.8
v -1.8 0.4 1.7
v -1.8 0.4 1.6
v -1.8 0.4 1.5
v -1.8 0.4 1.4
v -1.8 0.4 1.3
v -1.8 0.4 1.2
v -1.8 0.4 1.1
v -1.8 0.4 1
v -1.8 0.4 0.9
v -1.8 0.4 0.8
v -1.8 0.4 0.7
v -1.8 0.4 0.6
v -1.8 0.4 0.5
v -1.8 0.4 0.4
v -1.8 0.4 0.3
v -1.8 0.7 3
v -1.8 0.7 2
v -1.8 0.7 1.9
v -1.8 0.7 1.8
v -1.8 0.7 1.7
v -1.8 0.7 1.6
v -1.8 0.7 1.5
v -1.8 0.7 1.4
v -1.8 0.7 1.3
v -1.8 0.7 1.2
v -1.8 0.7 1.1
v -1.8 0.7 1
v -1.8 0.7 0.9
v -1.8 0.7 0.8
v -1.8 0.7 0.7
v -1.8 0.7 0.6
v -1.8 0.7 0.5
v -1.8 0.7 0.4
v -1.8 0.7 0.3
v -1.8 0.7 -2.2
v -1.8 0.7 -2.8
v -1.8 0.7 -3.1
v -1.8 0.7 -3.2
v -1.8 0.8 3
v -1.8 0.8 -0.7
v -1.8 0.8 -1.3
v -1.8 0.8 -3.1
v -1.8 0.8 -3.2
v -1.8 1.1 -3.1
v -1.8 1.1 -3.2
v -1.6 1.1 1.3
v -1.6 1.1 0.8
v -1.6 1.2 1.3
v -1.6 1.2 0.8
v -1.5 0.2 2.7
v -1.5 0.2 2
v -1.5 0.2 1.9
v -1.5 0.2 1.8
v -1.5 0.2 1.7
v -1.5 0.2 1.6
v -1.5 0.2 1.5
v -1.5 0.2 1.4
v -1.5 0.2 1.3
v -1.5 0.2 1.2
v -1.5 0.2 1.1
v -1.5 0.2 1
v -1.5 0.2 0.9
v -1.5 0.2 0.8
v -1.5 0.2 0.7
v -1.5 0.2 0.6
v -1.5 0.2 0.5
v -1.5 0.2 0.4
v -1.5 0.2 0.3
v -1.5 0.2 -0.8
v -1.5 0.2 -1.7
v -1.5 0.3 2.7
v -1.5 0.3 2
v -1.5 0.3 1.9
v -1.5 0.3 1.8
v -1.5 0.3 1.7
v -1.5 0.3 1.6
v -1.5 0.3 1.5
v -1.5 0.3 1.4
v -1.5 0.3 1.3
v -1.5 0.3 1.2
v -1.5 0.3 1.1
v -1.5 0.3 1
v -1.5 0.3 0.9
v -1.5 0.3 0.8
v -1.5 0.3 0.7
v -1.5 0.3 0.6
v -1.5 0.3 0.5
v -1.5 0.3 0.4
v -1.5 0.3 0.3
v -1.5 0.3 -0.8
v -1.5 0.3 -1.7
v -1.5 0.4 2
v -1.5 0.4 1.9
v -1.5 0.4 1.8
v -1.5 0.4 1.7
v -1.5 0.4 1.6
v -1.5 0.4 1.5
v -1.5 0.4 1.4
v -1.5 0.4 1.3
v -1.5 0.4 1.2
v -1.5 0.4 1.1
v -1.5 0.4 1
v -1.5 0.4 0.9
v -1.5 0.4 0.8
v -1.5 0.4 0.7
v -1.5 0.4 0.6
v -1.5 0.4 0.5
v -1.5 0.4 0.4
v -1.5 0.4 0.3
v -1.4 0.1 2.6
v -1.4 0.1 2
v -1.4 0.1 1.9
v -1.4 0.1 1.8
v -1.4 0.1 1.7
v -1.4 0.1 1.6
v -1.4 0.1 1.5
v -1.4 0.1 1.4
v -1.4 0.1 1.3
v -1.4 0.1 1.2
v -1.4 0.1 1.1
v -1.4 0.1 1
v -1.4 0.1 0.9
v -1.4 0.1 0.8
v -1.4 0.1 0.7
v -1.4 0.1 0.6
v -1.4 0.2 2.6
v -1.4 0.2 2
v -1.4 0.2 1.9
v -1.4 0.2 1.8
v -1.4 0.2 1.7
v -1.4 0.2 1.6
v -1.4 0.2 1.5
v -1.4 0.2 1.4
v -1.4 0.2 1.3
v -1.4 0.2 1.2
v -1.4 0.2 1.1
v -1.4 0.2 1
v -1.4 0.2 0.9
v -1.4 0.2 0.8
v -1.4 0.2 0.7
v -1.4 0.2 0.6
v -1.4 1 -2.9
v -1.4 1 -3.2
v -1.4 1.1 -2.9
v -1.4 1.1 -3.2
v -1.3 1.1 1.6
v -1.3 1.1 1.5
v -1.3 1.1 1.3
v -1.3 1.1 0.8
v -1.3 1.1 0.6
v -1.3 1.1 0.5
v -1.3 1.2 1.6
v -1.3 1.2 1.3
v -1.3 1.2 0.8
v -1.3 1.2 0.5
v -1.1 1 -3.1
v -1.1 1 -3.2
v -1.1 1.1 -3.1
v -1.1 1.1 -3.2
v -0.9 1 -3.1
v -0.9 1 -3.2
v -0.9 1.1 -3.1
v -0.9 1.1 -3.2
v -0.7 1 -3.1
v -0.7 1 -3.2
v -0.7 1.1 2.4
v -0.7 1.1 2.2
v -0.7 1.1 -3.1
v -0.7 1.1 -3.2
v -0.7 1.2 2.4
v -0.7 1.2 2.2
v -0.6 0.5 -2
v -0.6 0.5 -3.2
v -0.6 0.6 -2
v -0.6 0.6 -3.2
v -0.5 0.1 0.6
v -0.5 0.1 0.3
v -0.5 0.2 0.6
v -0.5 0.2 0.5
v -0.5 0.2 0.4
v -0.5 0.2 0.3
v -0.5 0.3 0.6
v -0.5 0.3 0.5
v -0.5 0.3 0.4
v -0.5 0.3 0.3
v -0.5 1.1 2.2
v -0.5 1.1 2.1
v -0.5 1.2 2.2
v -0.5 1.2 2.1
v -0.4 1 -3
v -0.4 1 -3.1
v -0.4 1.1 -3
v -0.4 1.1 -3.1
v -0.3 1.1 2.1
v -0.3 1.1 2
v -0.3 1.2 2.1
v -0.3 1.2 2
v 0.1 1.1 2.4
v 0.1 1.1 2.2
v 0.1 1.2 2.4
v 0.1 1.2 2.2
v 0.3 1.1 2.2
v 0.3 1.1 2.1
v 0.3 1.2 2.2
v 0.3 1.2 2.1
v 0.5 1.1 2.1
v 0.5 1.1 2
v 0.5 1.1 1.3
v 0.5 1.1 1
v 0.5 1.2 2.1
v 0.5 1.2 2
v 0.5 1.2 1.3
v 0.5 1.2 1
v 0.6 1.1 1.4
v 0.6 1.1 1.3
v 0.6 1.1 1
v 0.6 1.1 0.9
v 0.6 1.2 1.4
v 0.6 1.2 1.3
v 0.6 1.2 1
v 0.6 1.2 0.9
v 0.7 0.5 -2
v 0.7 0.5 -3.2
v 0.7 0.6 -2
v 0.7 0.6 -3.2
v 0.8 1 2.8
v 0.8 1 2.6
v 0.8 1.1 2.8
v 0.8 1.1 2.6
v 0.9 1 3
v 0.9 1 2.8
v 0.9 1.1 3
v 0.9 1.1 2.8
v 1 1 2.7
v 1 1 2.5
v 1 1.1 2.7
v 1 1.1 2.5
v 1.1 1 2.9
v 1.1 1 2.7
v 1.1 1.1 2.9
v 1.1 1.1 2.7
v 1.1 1.1 0.9
v 1.1 1.1 0.6
v 1.1 1.2 0.9
v 1.1 1.2 0.6
v 1.2 1 2.6
v 1.2 1 2.4
v 1.2 1.1 2.6
v 1.2 1.1 2.4
v 1.2 1.1 1
v 1.2 1.1 0.9
v 1.2 1.1 0.6
v 1.2 1.1 0.5
v 1.2 1.2 1
v 1.2 1.2 0.9
v 1.2 1.2 0.6
v 1.2 1.2 0.5
v 1.3 0.3 -1.4
v 1.3 0.3 -1.7
v 1.3 0.3 -3.2
v 1.3 0.4 -1.7
v 1.3 0.4 -3.2
v 1.3 0.5 -1.4
v 1.3 0.5 -3.2
v 1.3 1 2.8
v 1.3 1 2.6
v 1.3 1.1 2.8
v 1.3 1.1 2.6
v 1.4 1 2.5
v 1.4 1 2.3
v 1.4 1.1 2.5
v 1.4 1.1 2.3
v 1.5 1 2.7
v 1.5 1 2.5
v 1.5 1 -2.9
v 1.5 1 -3.2
v 1.5 1.1 2.7
v 1.5 1.1 2.5
v 1.5 1.1 -2.9
v 1.5 1.1 -3.2
v 1.6 1 2.4
v 1.6 1 2.2
v 1.6 1.1 2.4
v 1.6 1.1 2.2
v 1.7 1 2.6
v 1.7 1 2.4
v 1.7 1.1 2.6
v 1.7 1.1 2.4
v -1.5 1 -2.9
v -1.5 1 -3.2
v -1.5 1.1 -2.9
v -1.5 1.1 -3.2
v -1.3 0.3 -1.4
v -1.3 0.3 -1.7
v -1.3 0.3 -3.2
v -1.3 0.4 -1.7
v -1.3 0.4 -3.2
v -1.3 0.5 -1.4
v -1.3 0.5 -3.2
v -1.3 1 -3
v -1.3 1 -3.1
v -1.3 1.1 -3
v -1.3 1.1 -3.1
v -1.2 1 -3.1
v -1.2 1 -3.2
v -1.2 1.1 -3.1
v -1.2 1.1 -3.2
v -1 1 -3.1
v -1 1 -3.2
v -1 1.1 -3.1
v -1 1.1 -3.2
v -0.8 1 -3.1
v -0.8 1 -3.2
v -0.8 1.1 1.6
v -0.8 1.1 1.5
v -0.8 1.1 1.3
v -0.8 1.1 0.8
v -0.8 1.1 0.6
v -0.8 1.1 0.5
v -0.8 1.1 -3.1
v -0.8 1.1 -3.2
v -0.8 1.2 1.6
v -0.8 1.2 1.5
v -0.8 1.2 1.3
v -0.8 1.2 0.8
v -0.8 1.2 0.5
v -0.7 0.5 -2
v -0.7 0.5 -3.2
v -0.7 0.6 -2
v -0.7 0.6 -3.2
v -0.5 1.1 2.4
v -0.5 1.1 2.3
v -0.5 1.1 1.3
v -0.5 1.1 1.2
v -0.5 1.1 1.1
v -0.5 1.1 0.9
v -0.5 1.1 0.8
v -0.5 1.2 2.4
v -0.5 1.2 2.3
v -0.5 1.2 1.3
v -0.5 1.2 1.2
v -0.5 1.2 1.1
v -0.5 1.2 0.9
v -0.5 1.2 0.8
v -0.3 1.1 2.3
v -0.3 1.1 2.2
v -0.3 1.2 2.3
v -0.3 1.2 2.2
v -0.1 1.1 2.2
v -0.1 1.1 2.1
v -0.1 1.1 2
v -0.1 1.2 2.2
v -0.1 1.2 2.1
v -0.1 1.2 2
v 0.3 1.1 2.4
v 0.3 1.1 2.3
v 0.3 1.2 2.4
v 0.3 1.2 2.3
v 0.5 0.1 0.6
v 0.5 0.1 0.3
v 0.5 0.2 0.6
v 0.5 0.2 0.5
v 0.5 0.2 0.4
v 0.5 0.2 0.3
v 0.5 0.3 0.6
v 0.5 0.3 0.5
v 0.5 0.3 0.4
v 0.5 0.3 0.3
v 0.5 1.1 2.3
v 0.5 1.1 2.2
v 0.5 1.2 2.3
v 0.5 1.2 2.2
v 0.6 0.5 -2
v 0.6 0.5 -3.2
v 0.6 0.6 -2
v 0.6 0.6 -3.2
v 0.7 1 2.8
v 0.7 1 2.6
v 0.7 1.1 2.8
v 0.7 1.1 2.6
v 0.7 1.1 2.2
v 0.7 1.1 2.1
v 0.7 1.1 2
v 0.7 1.2 2.2
v 0.7 1.2 2.1
v 0.7 1.2 2
v 0.8 1 3
v 0.8 1 2.8
v 0.8 1.1 3
v 0.8 1.1 2.8
v 0.9 1 2.7
v 0.9 1 2.5
v 0.9 1.1 2.7
v 0.9 1.1 2.5
v 0.9 1.1 1.4
v 0.9 1.1 1.3
v 0.9 1.1 1
v 0.9 1.1 0.9
v 0.9 1.2 1.4
v 0.9 1.2 1.3
v 0.9 1.2 1
v 0.9 1.2 0.9
v 1 1 2.9
v 1 1 2.7
v 1 1.1 2.9
v 1 1.1 2.7
v 1 1.1 1.3
v 1 1.1 1.2
v 1 1.1 1
v 1 1.2 1.3
v 1 1.2 1
v 1.1 1 2.6
v 1.1 1 2.4
v 1.1 1.1 2.6
v 1.1 1.1 2.4
v 1.2 0.3 3.1
v 1.2 0.3 3
v 1.2 0.7 3.1
v 1.2 0.7 3
v 1.2 0.7 2.9
v 1.2 0.8 3.1
v 1.2 0.8 3
v 1.2 0.8 2.9
v 1.2 1 2.8
v 1.2 1 2.6
v 1.2 1.1 3.1
v 1.2 1.1 3
v 1.2 1.1 2.8
v 1.2 1.1 2.6
v 1.3 1 2.5
v 1.3 1 2.3
v 1.3 1.1 2.5
v 1.3 1.1 2.3
v 1.4 0.1 2.6
v 1.4 0.1 2
v 1.4 0.1 1.9
v 1.4 0.1 1.8
v 1.4 0.1 1.7
v 1.4 0.1 1.6
v 1.4 0.1 1.5
v 1.4 0.1 1.4
v 1.4 0.1 1.3
v 1.4 0.1 1.2
v 1.4 0.1 1.1
v 1.4 0.1 1
v 1.4 0.1 0.9
v 1.4 0.1 0.8
v 1.4 0.1 0.7
v 1.4 0.1 0.6
v 1.4 0.2 2.6
v 1.4 0.2 2
v 1.4 0.2 1.9
v 1.4 0.2 1.8
v 1.4 0.2 1.7
v 1.4 0.2 1.6
v 1.4 0.2 1.5
v 1.4 0.2 1.4
v 1.4 0.2 1.3
v 1.4 0.2 1.2
v 1.4 0.2 1.1
v 1.4 0.2 1
v 1.4 0.2 0.9
v 1.4 0.2 0.8
v 1.4 0.2 0.7
v 1.4 0.2 0.6
v 1.4 0.3 3
v 1.4 0.3 2.9
v 1.4 0.7 3
v 1.4 0.7 2.9
v 1.4 0.8 3
v 1.4 0.8 2.9
v 1.4 1 2.7
v 1.4 1 2.5
v 1.4 1 -2.9
v 1.4 1 -3.2
v 1.4 1.1 3
v 1.4 1.1 2.9
v 1.4 1.1 2.7
v 1.4 1.1 2.5
v 1.4 1.1 -2.9
v 1.4 1.1 -3.2
v 1.5 0.2 2.7
v 1.5 0.2 2
v 1.5 0.2 1.9
v 1.5 0.2 1.8
v 1.5 0.2 1.7
v 1.5 0.2 1.6
v 1.5 0.2 1.5
v 1.5 0.2 1.4
v 1.5 0.2 1.3
v 1.5 0.2 1.2
v 1.5 0.2 1.1
v 1.5 0.2 1
v 1.5 0.2 0.9
v 1.5 0.2 0.8
v 1.5 0.2 0.7
v 1.5 0.2 0.6
v 1.5 0.2 0.5
v 1.5 0.2 0.4
v 1.5 0.2 0.3
v 1.5 0.2 -0.8
v 1.5 0.2 -1.7
v 1.5 0.3 2.7
v 1.5 0.3 2.4
v 1.5 0.3 2
v 1.5 0.3 1.9
v 1.5 0.3 1.8
v 1.5 0.3 1.7
v 1.5 0.3 1.6
v 1.5 0.3 1.5
v 1.5 0.3 1.4
v 1.5 0.3 1.3
v 1.5 0.3 1.2
v 1.5 0.3 1.1
v 1.5 0.3 1
v 1.5 0.3 0.9
v 1.5 0.3 0.8
v 1.5 0.3 0.7
v 1.5 0.3 0.6
v 1.5 0.3 0.5
v 1.5 0.3 0.4
v 1.5 0.3 0.3
v 1.5 0.3 -0.8
v 1.5 0.3 -1.7
v 1.5 0.4 2
v 1.5 0.4 1.9
v 1.5 0.4 1.8
v 1.5 0.4 1.7
v 1.5 0.4 1.6
v 1.5 0.4 1.5
v 1.5 0.4 1.4
v 1.5 0.4 1.3
v 1.5 0.4 1.2
v 1.5 0.4 1.1
v 1.5 0.4 1
v 1.5 0.4 0.9
v 1.5 0.4 0.8
v 1.5 0.4 0.7
v 1.5 0.4 0.6
v 1.5 0.4 0.5
v 1.5 0.4 0.4
v 1.5 0.4 0.3
v 1.5 0.7 2.9
v 1.5 0.7 2.8
v 1.5 0.8 2.9
v 1.5 0.8 2.8
v 1.5 1 2.4
v 1.5 1 2.2
v 1.5 1.1 2.4
v 1.5 1.1 2.2
v 1.5 1.1 1
v 1.5 1.1 0.9
v 1.5 1.1 0.6
v 1.5 1.1 0.5
v 1.5 1.2 1
v 1.5 1.2 0.9
v 1.5 1.2 0.6
v 1.5 1.2 0.5
v 1.6 0.3 2.9
v 1.6 0.3 2.8
v 1.6 0.7 2.9
v 1.6 0.7 2.8
v 1.6 0.7 2.7
v 1.6 0.8 2.9
v 1.6 0.8 2.8
v 1.6 0.8 2.7
v 1.6 1 2.6
v 1.6 1 2.4
v 1.6 1.1 2.9
v 1.6 1.1 2.8
v 1.6 1.1 2.6
v 1.6 1.1 2.4
v 1.6 1.1 0.9
v 1.6 1.1 0.6
v 1.6 1.2 0.9
v 1.6 1.2 0.6
v 1.7 0.3 2.8
v 1.7 0.3 2.7
v 1.7 0.7 2.8
v 1.7 0.7 2.7
v 1.7 0.7 2.5
v 1.7 0.8 2.8
v 1.7 0.8 2.7
v 1.7 0.8 2.5
v 1.7 1.1 2.8
v 1.7 1.1 2.7
v 1.8 0.3 2.7
v 1.8 0.3 2.5
v 1.8 0.3 -3.1
v 1.8 0.3 -3.2
v 1.8 0.4 2
v 1.8 0.4 1.9
v 1.8 0.4 1.8
v 1.8 0.4 1.7
v 1.8 0.4 1.6
v 1.8 0.4 1.5
v 1.8 0.4 1.4
v 1.8 0.4 1.3
v 1.8 0.4 1.2
v 1.8 0.4 1.1
v 1.8 0.4 1
v 1.8 0.4 0.9
v 1.8 0.4 0.8
v 1.8 0.4 0.7
v 1.8 0.4 0.6
v 1.8 0.4 0.5
v 1.8 0.4 0.4
v 1.8 0.4 0.3
v 1.8 0.5 -1.3
v 1.8 0.5 -1.8
v 1.8 0.5 -3.1
v 1.8 0.6 0.5
v 1.8 0.6 0.4
v 1.8 0.6 -1.3
v 1.8 0.6 -3.1
v 1.8 0.6 -3.2
v 1.8 0.7 2.7
v 1.8 0.7 2.5
v 1.8 0.7 2.4
v 1.8 0.7 2
v 1.8 0.7 1.9
v 1.8 0.7 1.8
v 1.8 0.7 1.7
v 1.8 0.7 1.6
v 1.8 0.7 1.5
v 1.8 0.7 1.4
v 1.8 0.7 1.3
v 1.8 0.7 1.2
v 1.8 0.7 1.1
v 1.8 0.7 1
v 1.8 0.7 0.9
v 1.8 0.7 0.8
v 1.8 0.7 0.7
v 1.8 0.7 0.6
v 1.8 0.7 0.5
v 1.8 0.7 0.4
v 1.8 0.7 0.3
v 1.8 0.7 -1.2
v 1.8 0.7 -1.3
v 1.8 0.7 -1.8
v 1.8 0.7 -2.9
v 1.8 0.7 -3.1
v 1.8 0.7 -3.2
v 1.8 0.8 2.7
v 1.8 0.8 2.5
v 1.8 0.8 -1.5
v 1.8 0.8 -2.2
v 1.8 0.8 -2.7
v 1.8 0.8 -2.8
v 1.8 0.8 -2.9
v 1.8 0.8 -3
v 1.8 0.8 -3.1
v 1.8 0.8 -3.2
v 1.8 1 -2.8
v 1.8 1 -2.9
v 1.8 1.1 2.7
v 1.8 1.1 2.5
v 1.8 1.1 -3.1
v 1.8 1.1 -3.2
v 1.9 0.3 2.5
v 1.9 0.3 2.4
v 1.9 0.3 2
v 1.9 0.3 1.9
v 1.9 0.3 1.8
v 1.9 0.3 1.7
v 1.9 0.3 1.6
v 1.9 0.3 1.5
v 1.9 0.3 1.4
v 1.9 0.3 1.3
v 1.9 0.3 1.2
v 1.9 0.3 1.1
v 1.9 0.3 1
v 1.9 0.3 0.9
v 1.9 0.3 0.8
v 1.9 0.3 0.7
v 1.9 0.3 0.6
v 1.9 0.3 0.5
v 1.9 0.3 0.4
v 1.9 0.3 0.3
v 1.9 0.3 -3.1
v 1.9 0.4 -2.1
v 1.9 0.4 -2.6
v 1.9 0.5 -1.3
v 1.9 0.5 -1.8
v 1.9 0.5 -3
v 1.9 0.5 -3.1
v 1.9 0.6 0.5
v 1.9 0.6 0.4
v 1.9 0.6 -1.2
v 1.9 0.6 -1.3
v 1.9 0.6 -2.6
v 1.9 0.6 -2.9
v 1.9 0.6 -3
v 1.9 0.7 2.5
v 1.9 0.7 2.4
v 1.9 0.7 2
v 1.9 0.7 1.9
v 1.9 0.7 1.8
v 1.9 0.7 1.7
v 1.9 0.7 1.6
v 1.9 0.7 1.5
v 1.9 0.7 1.4
v 1.9 0.7 1.3
v 1.9 0.7 1.2
v 1.9 0.7 1.1
v 1.9 0.7 1
v 1.9 0.7 0.9
v 1.9 0.7 0.8
v 1.9 0.7 0.7
v 1.9 0.7 0.6
v 1.9 0.7 0.5
v 1.9 0.7 0.4
v 1.9 0.7 0.3
v 1.9 0.7 -1.2
v 1.9 0.7 -1.3
v 1.9 0.7 -1.8
v 1.9 0.7 -2.1
v 1.9 0.7 -2.6
v 1.9 0.7 -2.9
v 1.9 0.7 -3.1
v 1.9 0.8 2.5
v 1.9 0.8 -1.5
v 1.9 0.8 -2.2
v 1.9 0.8 -2.7
v 1.9 0.8 -2.8
v 1.9 0.8 -2.9
v 1.9 0.8 -3
v 1.9 0.8 -3.1
v 1.9 1 0
v 1.9 1 -1.2
v 1.9 1 -2.3
v 1.9 1 -2.7
v 1.9 1.1 2.5
v 1.9 1.1 0
v 1.9 1.1 -1.2
v 1.9 1.1 -1.5
v 1.9 1.1 -2.2
v 1.9 1.1 -2.3
v 1.9 1.1 -2.8
v 1.9 1.1 -2.9
v 1.9 1.1 -3
v 1.9 1.1 -3.1
v 2 0.4 -2.1
v 2 0.4 -2.6
v 2 0.6 -2.5
v 2 0.6 -2.6
v 2 0.7 -2.1
v 2 0.7 -2.5
v 2 0.7 -2.6
v -1.9 0.3 3.1
v -1.9 0.6 3.1
v -1.9 0.7 3.1
v -1.9 0.8 3.1
v -1.9 1.1 3.1
v -1.6 0.3 3.1
v -1.6 0.6 3.1
v 1.2 0.3 3.1
v 1.2 0.7 3.1
v 1.2 0.8 3.1
v 1.2 1.1 3.1
v -1.8 0.7 3
v -1.8 0.8 3
v 1.2 0.3 3
v 1.2 0.7 3
v 1.2 0.8 3
v 1.2 1.1 3
v 1.4 0.3 3
v 1.4 0.7 3
v 1.4 0.8 3
v 1.4 1.1 3
v 1.2 0.7 2.9
v 1.2 0.8 2.9
v 1.4 0.3 2.9
v 1.4 0.7 2.9
v 1.4 0.8 2.9
v 1.4 1.1 2.9
v 1.5 0.7 2.9
v 1.5 0.8 2.9
v 1.6 0.3 2.9
v 1.6 0.7 2.9
v 1.6 0.8 2.9
v 1.6 1.1 2.9
v 0.8 1 2.8
v 0.8 1.1 2.8
v 0.9 1 2.8
v 0.9 1.1 2.8
v 1.5 0.7 2.8
v 1.5 0.8 2.8
v 1.6 0.3 2.8
v 1.6 0.7 2.8
v 1.6 0.8 2.8
v 1.6 1.1 2.8
v 1.7 0.3 2.8
v 1.7 0.7 2.8
v 1.7 0.8 2.8
v 1.7 1.1 2.8
v -1.5 0.2 2.7
v -1.5 0.3 2.7
v -0.2 0.2 2.7
v -0.2 0.3 2.7
v 0.9 0.2 2.7
v 0.9 0.3 2.7
v 1 1 2.7
v 1 1.1 2.7
v 1.1 1 2.7
v 1.1 1.1 2.7
v 1.5 0.2 2.7
v 1.5 0.3 2.7
v 1.6 0.7 2.7
v 1.6 0.8 2.7
v 1.7 0.3 2.7
v 1.7 0.7 2.7
v 1.7 0.8 2.7
v 1.7 1.1 2.7
v 1.8 0.3 2.7
v 1.8 0.7 2.7
v 1.8 0.8 2.7
v 1.8 1.1 2.7
v -1.4 0.1 2.6
v -1.4 0.2 2.6
v -0.2 0.2 2.6
v 0.7 1 2.6
v 0.7 1.1 2.6
v 0.8 1 2.6
v 0.8 1.1 2.6
v 0.9 0.2 2.6
v 1.2 1 2.6
v 1.2 1.1 2.6
v 1.3 1 2.6
v 1.3 1.1 2.6
v 1.4 0.1 2.6
v 1.4 0.2 2.6
v 0.9 1 2.5
v 0.9 1.1 2.5
v 1 1 2.5
v 1 1.1 2.5
v 1.4 1 2.5
v 1.4 1.1 2.5
v 1.5 1 2.5
v 1.5 1.1 2.5
v 1.7 0.7 2.5
v 1.7 0.8 2.5
v 1.8 0.3 2.5
v 1.8 0.7 2.5
v 1.8 0.8 2.5
v 1.8 1.1 2.5
v 1.9 0.3 2.5
v 1.9 0.7 2.5
v 1.9 0.8 2.5
v 1.9 1.1 2.5
v -0.7 1.1 2.4
v -0.7 1.2 2.4
v -0.5 1.1 2.4
v -0.5 1.2 2.4
v 0.1 1.1 2.4
v 0.1 1.2 2.4
v 0.3 1.1 2.4
v 0.3 1.2 2.4
v 1.1 1 2.4
v 1.1 1.1 2.4
v 1.2 1 2.4
v 1.2 1.1 2.4
v 1.6 1 2.4
v 1.6 1.1 2.4
v 1.7 1 2.4
v 1.7 1.1 2.4
v -0.5 1.1 2.3
v -0.5 1.2 2.3
v -0.4 1.1 2.3
v -0.4 1.2 2.3
v -0.3 1.1 2.3
v -0.3 1.2 2.3
v 0.3 1.1 2.3
v 0.3 1.2 2.3
v 0.4 1.1 2.3
v 0.4 1.2 2.3
v 0.5 1.1 2.3
v 0.5 1.2 2.3
v 1.3 1 2.3
v 1.3 1.1 2.3
v 1.4 1 2.3
v 1.4 1.1 2.3
v -0.3 1.1 2.2
v -0.3 1.2 2.2
v -0.1 1.1 2.2
v -0.1 1.2 2.2
v 0.5 1.1 2.2
v 0.5 1.2 2.2
v 0.7 1.1 2.2
v 0.7 1.2 2.2
v 1.5 1 2.2
v 1.5 1.1 2.2
v 1.6 1 2.2
v 1.6 1.1 2.2
v -1.9 0.3 1.9
v -1.9 0.7 1.9
v -1.8 0.4 1.9
v -1.8 0.7 1.9
v -1.5 0.2 1.9
v -1.5 0.3 1.9
v -1.5 0.4 1.9
v -1.4 0.1 1.9
v -1.4 0.2 1.9
v -1.4 0.3 1.9
v -1.3 0.1 1.9
v -1.3 0.3 1.9
v -0.2 0.1 1.9
v -0.2 0.3 1.9
v 0.9 0.1 1.9
v 0.9 0.3 1.9
v 1.3 0.1 1.9
v 1.3 0.3 1.9
v 1.4 0.1 1.9
v 1.4 0.2 1.9
v 1.4 0.3 1.9
v 1.5 0.2 1.9
v 1.5 0.3 1.9
v 1.5 0.4 1.9
v 1.8 0.4 1.9
v 1.8 0.7 1.9
v 1.9 0.3 1.9
v 1.9 0.7 1.9
v -1.9 0.3 1.7
v -1.9 0.7 1.7
v -1.8 0.4 1.7
v -1.8 0.7 1.7
v -1.5 0.2 1.7
v -1.5 0.3 1.7
v -1.5 0.4 1.7
v -1.4 0.1 1.7
v -1.4 0.2 1.7
v -1.4 0.3 1.7
v -1.3 0.1 1.7
v -1.3 0.3 1.7
v -0.2 0.1 1.7
v -0.2 0.3 1.7
v 0.9 0.1 1.7
v 0.9 0.3 1.7
v 1.3 0.1 1.7
v 1.3 0.3 1.7
v 1.4 0.1 1.7
v 1.4 0.2 1.7
v 1.4 0.3 1.7
v 1.5 0.2 1.7
v 1.5 0.3 1.7
v 1.5 0.4 1.7
v 1.8 0.4 1.7
v 1.8 0.7 1.7
v 1.9 0.3 1.7
v 1.9 0.7 1.7
v -1.3 1.1 1.6
v -1.3 1.2 1.6
v -0.8 1.1 1.6
v -0.8 1.2 1.6
v -1.9 0.3 1.5
v -1.9 0.7 1.5
v -1.8 0.4 1.5
v -1.8 0.7 1.5
v -1.5 0.2 1.5
v -1.5 0.3 1.5
v -1.5 0.4 1.5
v -1.4 0.1 1.5
v -1.4 0.2 1.5
v -1.4 0.3 1.5
v -1.3 0.1 1.5
v -1.3 0.3 1.5
v 1.3 0.1 1.5
v 1.3 0.3 1.5
v 1.4 0.1 1.5
v 1.4 0.2 1.5
v 1.4 0.3 1.5
v 1.5 0.2 1.5
v 1.5 0.3 1.5
v 1.5 0.4 1.5
v 1.8 0.4 1.5
v 1.8 0.7 1.5
v 1.9 0.3 1.5
v 1.9 0.7 1.5
v 0.6 1.1 1.4
v 0.6 1.2 1.4
v 0.9 1.1 1.4
v 0.9 1.2 1.4
v -1.9 0.3 1.3
v -1.9 0.7 1.3
v -1.8 0.4 1.3
v -1.8 0.7 1.3
v -1.6 1.1 1.3
v -1.6 1.2 1.3
v -1.5 0.2 1.3
v -1.5 0.3 1.3
v -1.5 0.4 1.3
v -1.5 1.1 1.3
v -1.4 0.1 1.3
v -1.4 0.2 1.3
v -1.4 0.3 1.3
v -1.3 0.1 1.3
v -1.3 0.3 1.3
v -1.3 1.1 1.3
v -1.3 1.2 1.3
v -0.8 1.1 1.3
v -0.8 1.2 1.3
v -0.6 1.1 1.3
v -0.5 1.1 1.3
v -0.5 1.2 1.3
v 0.5 1.1 1.3
v 0.5 1.2 1.3
v 0.6 1.1 1.3
v 0.6 1.2 1.3
v 0.9 1.1 1.3
v 0.9 1.2 1.3
v 1 1.1 1.3
v 1 1.2 1.3
v 1.3 0.1 1.3
v 1.3 0.3 1.3
v 1.4 0.1 1.3
v 1.4 0.2 1.3
v 1.4 0.3 1.3
v 1.5 0.2 1.3
v 1.5 0.3 1.3
v 1.5 0.4 1.3
v 1.8 0.4 1.3
v 1.8 0.7 1.3
v 1.9 0.3 1.3
v 1.9 0.7 1.3
v -1.9 0.3 1.1
v -1.9 0.7 1.1
v -1.8 0.4 1.1
v -1.8 0.7 1.1
v -1.5 0.2 1.1
v -1.5 0.3 1.1
v -1.5 0.4 1.1
v -1.4 0.1 1.1
v -1.4 0.2 1.1
v -1.4 0.3 1.1
v -1.3 0.1 1.1
v -1.3 0.3 1.1
v 1.3 0.1 1.1
v 1.3 0.3 1.1
v 1.4 0.1 1.1
v 1.4 0.2 1.1
v 1.4 0.3 1.1
v 1.5 0.2 1.1
v 1.5 0.3 1.1
v 1.5 0.4 1.1
v 1.8 0.4 1.1
v 1.8 0.7 1.1
v 1.9 0.3 1.1
v 1.9 0.7 1.1
v 1.2 1.1 1
v 1.2 1.2 1
v 1.5 1.1 1
v 1.5 1.2 1
v -1.9 0.3 0.9
v -1.9 0.7 0.9
v -1.8 0.4 0.9
v -1.8 0.7 0.9
v -1.5 0.2 0.9
v -1.5 0.3 0.9
v -1.5 0.4 0.9
v -1.4 0.1 0.9
v -1.4 0.2 0.9
v -1.4 0.3 0.9
v -1.3 0.1 0.9
v -1.3 0.3 0.9
v 1.1 1.1 0.9
v 1.1 1.2 0.9
v 1.2 1.1 0.9
v 1.2 1.2 0.9
v 1.3 0.1 0.9
v 1.3 0.3 0.9
v 1.4 0.1 0.9
v 1.4 0.2 0.9
v 1.4 0.3 0.9
v 1.5 0.2 0.9
v 1.5 0.3 0.9
v 1.5 0.4 0.9
v 1.5 1.1 0.9
v 1.5 1.2 0.9
v 1.6 1.1 0.9
v 1.6 1.2 0.9
v 1.8 0.4 0.9
v 1.8 0.7 0.9
v 1.9 0.3 0.9
v 1.9 0.7 0.9
v -1.9 0.3 0.7
v -1.9 0.7 0.7
v -1.8 0.4 0.7
v -1.8 0.7 0.7
v -1.5 0.2 0.7
v -1.5 0.3 0.7
v -1.5 0.4 0.7
v -1.4 0.1 0.7
v -1.4 0.2 0.7
v -1.4 0.3 0.7
v -1.3 0.3 0.7
v -0.5 0.2 0.7
v -0.5 0.3 0.7
v -0.4 0.2 0.7
v -0.4 0.3 0.7
v 0.4 0.2 0.7
v 0.4 0.3 0.7
v 0.5 0.2 0.7
v 0.5 0.3 0.7
v 1.3 0.3 0.7
v 1.4 0.1 0.7
v 1.4 0.2 0.7
v 1.4 0.3 0.7
v 1.5 0.2 0.7
v 1.5 0.3 0.7
v 1.5 0.4 0.7
v 1.8 0.4 0.7
v 1.8 0.7 0.7
v 1.9 0.3 0.7
v 1.9 0.7 0.7
v -1.9 0.3 0.5
v -1.9 0.7 0.5
v -1.8 0.4 0.5
v -1.8 0.7 0.5
v -1.5 0.2 0.5
v -1.5 0.3 0.5
v -1.5 0.4 0.5
v -0.5 0.2 0.5
v -0.5 0.3 0.5
v 0.5 0.2 0.5
v 0.5 0.3 0.5
v 1.5 0.2 0.5
v 1.5 0.3 0.5
v 1.5 0.4 0.5
v 1.8 0.4 0.5
v 1.8 0.6 0.5
v 1.8 0.7 0.5
v 1.9 0.3 0.5
v 1.9 0.6 0.5
v 1.9 0.7 0.5
v -1.9 0.3 0.3
v -1.9 0.7 0.3
v -1.8 0.4 0.3
v -1.8 0.7 0.3
v -1.5 0.2 0.3
v -1.5 0.3 0.3
v -1.5 0.4 0.3
v -0.5 0.2 0.3
v -0.5 0.3 0.3
v 0.5 0.2 0.3
v 0.5 0.3 0.3
v 1.5 0.2 0.3
v 1.5 0.3 0.3
v 1.5 0.4 0.3
v 1.8 0.4 0.3
v 1.8 0.7 0.3
v 1.9 0.3 0.3
v 1.9 0.7 0.3
v 1.8 0.5 -1.8
v 1.8 0.7 -1.8
v 1.9 0.5 -1.8
v 1.9 0.7 -1.8
v 1.9 0.4 -2.1
v 1.9 0.7 -2.1
v 2 0.4 -2.1
v 2 0.7 -2.1
v -1.9 1 -2.9
v -1.9 1.1 -2.9
v -1.5 1 -2.9
v -1.5 1.1 -2.9
v -1.4 1 -2.9
v -1.4 1.1 -2.9
v 0.4 1 -2.9
v 0.4 1.1 -2.9
v 1.4 1 -2.9
v 1.4 1.1 -2.9
v 1.5 1 -2.9
v 1.5 1.1 -2.9
v 1.8 0.8 -2.9
v 1.8 1 -2.9
v 1.9 0.8 -2.9
v 1.9 1.1 -2.9
v -1.3 1 -3.1
v -1.3 1.1 -3.1
v -1.2 1 -3.1
v -1.2 1.1 -3.1
v -1.1 1 -3.1
v -1.1 1.1 -3.1
v -1 1 -3.1
v -1 1.1 -3.1
v -0.9 1 -3.1
v -0.9 1.1 -3.1
v -0.8 1 -3.1
v -0.8 1.1 -3.1
v -0.7 1 -3.1
v -0.7 1.1 -3.1
v -0.4 1 -3.1
v -0.4 1.1 -3.1
v 0.8 1 3
v 0.8 1.1 3
v 0.9 1 3
v 0.9 1.1 3
v 1 1 2.9
v 1 1.1 2.9
v 1.1 1 2.9
v 1.1 1.1 2.9
v 0.7 1 2.8
v 0.7 1.1 2.8
v 0.8 1 2.8
v 0.8 1.1 2.8
v 1.2 1 2.8
v 1.2 1.1 2.8
v 1.3 1 2.8
v 1.3 1.1 2.8
v 0.9 1 2.7
v 0.9 1.1 2.7
v 1 1 2.7
v 1 1.1 2.7
v 1.4 1 2.7
v 1.4 1.1 2.7
v 1.5 1 2.7
v 1.5 1.1 2.7
v 1.1 1 2.6
v 1.1 1.1 2.6
v 1.2 1 2.6
v 1.2 1.1 2.6
v 1.6 1 2.6
v 1.6 1.1 2.6
v 1.7 1 2.6
v 1.7 1.1 2.6
v 1.3 1 2.5
v 1.3 1.1 2.5
v 1.4 1 2.5
v 1.4 1.1 2.5
v 1.5 1 2.4
v 1.5 1.1 2.4
v 1.6 1 2.4
v 1.6 1.1 2.4
v -0.7 1.1 2.2
v -0.7 1.2 2.2
v -0.6 1.1 2.2
v -0.6 1.2 2.2
v -0.5 1.1 2.2
v -0.5 1.2 2.2
v 0.1 1.1 2.2
v 0.1 1.2 2.2
v 0.2 1.1 2.2
v 0.2 1.2 2.2
v 0.3 1.1 2.2
v 0.3 1.2 2.2
v -0.5 1.1 2.1
v -0.5 1.2 2.1
v -0.3 1.1 2.1
v -0.3 1.2 2.1
v 0.3 1.1 2.1
v 0.3 1.2 2.1
v 0.5 1.1 2.1
v 0.5 1.2 2.1
v -1.9 0.3 2
v -1.9 0.7 2
v -1.8 0.4 2
v -1.8 0.7 2
v -1.5 0.2 2
v -1.5 0.3 2
v -1.5 0.4 2
v -1.4 0.1 2
v -1.4 0.2 2
v -1.4 0.3 2
v -1.3 0.1 2
v -1.3 0.3 2
v -0.3 1.1 2
v -0.3 1.2 2
v -0.2 0.1 2
v -0.2 0.3 2
v -0.2 1.1 2
v -0.2 1.2 2
v -0.1 1.1 2
v -0.1 1.2 2
v 0.5 1.1 2
v 0.5 1.2 2
v 0.6 1.1 2
v 0.6 1.2 2
v 0.7 1.1 2
v 0.7 1.2 2
v 0.9 0.1 2
v 0.9 0.3 2
v 1.3 0.1 2
v 1.3 0.3 2
v 1.4 0.1 2
v 1.4 0.2 2
v 1.4 0.3 2
v 1.5 0.2 2
v 1.5 0.3 2
v 1.5 0.4 2
v 1.8 0.4 2
v 1.8 0.7 2
v 1.9 0.3 2
v 1.9 0.7 2
v -1.9 0.3 1.8
v -1.9 0.7 1.8
v -1.8 0.4 1.8
v -1.8 0.7 1.8
v -1.5 0.2 1.8
v -1.5 0.3 1.8
v -1.5 0.4 1.8
v -1.4 0.1 1.8
v -1.4 0.2 1.8
v -1.4 0.3 1.8
v -1.3 0.1 1.8
v -1.3 0.3 1.8
v -0.2 0.1 1.8
v -0.2 0.3 1.8
v 0.9 0.1 1.8
v 0.9 0.3 1.8
v 1.3 0.1 1.8
v 1.3 0.3 1.8
v 1.4 0.1 1.8
v 1.4 0.2 1.8
v 1.4 0.3 1.8
v 1.5 0.2 1.8
v 1.5 0.3 1.8
v 1.5 0.4 1.8
v 1.8 0.4 1.8
v 1.8 0.7 1.8
v 1.9 0.3 1.8
v 1.9 0.7 1.8
v -1.9 0.3 1.6
v -1.9 0.7 1.6
v -1.8 0.4 1.6
v -1.8 0.7 1.6
v -1.5 0.2 1.6
v -1.5 0.3 1.6
v -1.5 0.4 1.6
v -1.4 0.1 1.6
v -1.4 0.2 1.6
v -1.4 0.3 1.6
v -1.3 0.1 1.6
v -1.3 0.3 1.6
v -0.2 0.1 1.6
v -0.2 0.3 1.6
v 0.9 0.1 1.6
v 0.9 0.3 1.6
v 1.3 0.1 1.6
v 1.3 0.3 1.6
v 1.4 0.1 1.6
v 1.4 0.2 1.6
v 1.4 0.3 1.6
v 1.5 0.2 1.6
v 1.5 0.3 1.6
v 1.5 0.4 1.6
v 1.8 0.4 1.6
v 1.8 0.7 1.6
v 1.9 0.3 1.6
v 1.9 0.7 1.6
v -1.9 0.3 1.4
v -1.9 0.7 1.4
v -1.8 0.4 1.4
v -1.8 0.7 1.4
v -1.5 0.2 1.4
v -1.5 0.3 1.4
v -1.5 0.4 1.4
v -1.4 0.1 1.4
v -1.4 0.2 1.4
v -1.4 0.3 1.4
v -1.3 0.1 1.4
v -1.3 0.3 1.4
v 1.3 0.1 1.4
v 1.3 0.3 1.4
v 1.4 0.1 1.4
v 1.4 0.2 1.4
v 1.4 0.3 1.4
v 1.5 0.2 1.4
v 1.5 0.3 1.4
v 1.5 0.4 1.4
v 1.8 0.4 1.4
v 1.8 0.7 1.4
v 1.9 0.3 1.4
v 1.9 0.7 1.4
v -1.9 0.3 1.2
v -1.9 0.7 1.2
v -1.8 0.4 1.2
v -1.8 0.7 1.2
v -1.5 0.2 1.2
v -1.5 0.3 1.2
v -1.5 0.4 1.2
v -1.4 0.1 1.2
v -1.4 0.2 1.2
v -1.4 0.3 1.2
v -1.3 0.1 1.2
v -1.3 0.3 1.2
v 1.3 0.1 1.2
v 1.3 0.3 1.2
v 1.4 0.1 1.2
v 1.4 0.2 1.2
v 1.4 0.3 1.2
v 1.5 0.2 1.2
v 1.5 0.3 1.2
v 1.5 0.4 1.2
v 1.8 0.4 1.2
v 1.8 0.7 1.2
v 1.9 0.3 1.2
v 1.9 0.7 1.2
v -1.9 0.3 1
v -1.9 0.7 1
v -1.8 0.4 1
v -1.8 0.7 1
v -1.5 0.2 1
v -1.5 0.3 1
v -1.5 0.4 1
v -1.4 0.1 1
v -1.4 0.2 1
v -1.4 0.3 1
v -1.3 0.1 1
v -1.3 0.3 1
v 0.5 1.1 1
v 0.5 1.2 1
v 0.6 1.1 1
v 0.6 1.2 1
v 0.9 1.1 1
v 0.9 1.2 1
v 1 1.1 1
v 1 1.2 1
v 1.3 0.1 1
v 1.3 0.3 1
v 1.4 0.1 1
v 1.4 0.2 1
v 1.4 0.3 1
v 1.5 0.2 1
v 1.5 0.3 1
v 1.5 0.4 1
v 1.8 0.4 1
v 1.8 0.7 1
v 1.9 0.3 1
v 1.9 0.7 1
v 0.6 1.1 0.9
v 0.6 1.2 0.9
v 0.8 1.1 0.9
v 0.9 1.1 0.9
v 0.9 1.2 0.9
v -1.9 0.3 0.8
v -1.9 0.7 0.8
v -1.8 0.4 0.8
v -1.8 0.7 0.8
v -1.6 1.1 0.8
v -1.6 1.2 0.8
v -1.5 0.2 0.8
v -1.5 0.3 0.8
v -1.5 0.4 0.8
v -1.5 1.1 0.8
v -1.5 1.2 0.8
v -1.4 0.1 0.8
v -1.4 0.2 0.8
v -1.4 0.3 0.8
v -1.3 0.1 0.8
v -1.3 0.3 0.8
v -1.3 1.1 0.8
v -1.3 1.2 0.8
v -0.8 1.1 0.8
v -0.8 1.2 0.8
v -0.6 1.1 0.8
v -0.6 1.2 0.8
v -0.5 1.1 0.8
v -0.5 1.2 0.8
v 1.3 0.1 0.8
v 1.3 0.3 0.8
v 1.4 0.1 0.8
v 1.4 0.2 0.8
v 1.4 0.3 0.8
v 1.5 0.2 0.8
v 1.5 0.3 0.8
v 1.5 0.4 0.8
v 1.8 0.4 0.8
v 1.8 0.7 0.8
v 1.9 0.3 0.8
v 1.9 0.7 0.8
v -1.9 0.3 0.6
v -1.9 0.7 0.6
v -1.8 0.4 0.6
v -1.8 0.7 0.6
v -1.5 0.2 0.6
v -1.5 0.3 0.6
v -1.5 0.4 0.6
v -1.4 0.1 0.6
v -1.4 0.2 0.6
v -0.5 0.1 0.6
v -0.5 0.2 0.6
v -0.5 0.3 0.6
v 0.5 0.1 0.6
v 0.5 0.2 0.6
v 0.5 0.3 0.6
v 1.1 1.1 0.6
v 1.1 1.2 0.6
v 1.2 1.1 0.6
v 1.2 1.2 0.6
v 1.4 0.1 0.6
v 1.4 0.2 0.6
v 1.5 0.2 0.6
v 1.5 0.3 0.6
v 1.5 0.4 0.6
v 1.5 1.1 0.6
v 1.5 1.2 0.6
v 1.6 1.1 0.6
v 1.6 1.2 0.6
v 1.8 0.4 0.6
v 1.8 0.7 0.6
v 1.9 0.3 0.6
v 1.9 0.7 0.6
v -1.3 1.1 0.5
v -1.3 1.2 0.5
v -1.2 1.1 0.5
v -1.2 1.2 0.5
v -1 1.1 0.5
v -1 1.2 0.5
v -0.8 1.1 0.5
v -0.8 1.2 0.5
v 1.2 1.1 0.5
v 1.2 1.2 0.5
v 1.5 1.1 0.5
v 1.5 1.2 0.5
v -1.9 0.3 0.4
v -1.9 0.7 0.4
v -1.8 0.4 0.4
v -1.8 0.7 0.4
v -1.5 0.2 0.4
v -1.5 0.3 0.4
v -1.5 0.4 0.4
v -0.5 0.2 0.4
v -0.5 0.3 0.4
v 0.5 0.2 0.4
v 0.5 0.3 0.4
v 1.5 0.2 0.4
v 1.5 0.3 0.4
v 1.5 0.4 0.4
v 1.8 0.4 0.4
v 1.8 0.6 0.4
v 1.8 0.7 0.4
v 1.9 0.3 0.4
v 1.9 0.6 0.4
v 1.9 0.7 0.4
v -0.5 0.1 0.3
v -0.5 0.2 0.3
v 0.5 0.1 0.3
v 0.5 0.2 0.3
v 1.8 0.5 -1.3
v 1.8 0.6 -1.3
v 1.8 0.7 -1.3
v 1.9 0.5 -1.3
v 1.9 0.6 -1.3
v 1.9 0.7 -1.3
v -1.3 0.3 -1.4
v -1.3 0.5 -1.4
v -0.5 0.3 -1.4
v 0.9 0.3 -1.4
v 1.3 0.3 -1.4
v 1.3 0.5 -1.4
v -1.5 0.2 -1.7
v -1.5 0.3 -1.7
v -1.4 0.3 -1.7
v -1.3 0.3 -1.7
v -0.5 0.2 -1.7
v -0.5 0.3 -1.7
v 0.9 0.2 -1.7
v 0.9 0.3 -1.7
v 1.3 0.3 -1.7
v 1.4 0.3 -1.7
v 1.5 0.2 -1.7
v 1.5 0.3 -1.7
v -0.7 0.5 -2
v -0.7 0.6 -2
v -0.6 0.5 -2
v -0.6 0.6 -2
v 0.6 0.5 -2
v 0.6 0.6 -2
v 0.7 0.5 -2
v 0.7 0.6 -2
v 1.9 0.4 -2.6
v 1.9 0.6 -2.6
v 1.9 0.7 -2.6
v 2 0.4 -2.6
v 2 0.6 -2.6
v 2 0.7 -2.6
v -1.9 1 -2.8
v -1.9 1.1 -2.8
v 1.8 0.8 -2.8
v 1.8 1 -2.8
v 1.8 1.1 -2.8
v 1.9 0.8 -2.8
v 1.9 1.1 -2.8
v -1.3 1 -3
v -1.3 1.1 -3
v -0.4 1 -3
v -0.4 1.1 -3
v -1.9 0.3 -3.1
v -1.9 0.7 -3.1
v -1.9 0.8 -3.1
v -1.9 1.1 -3.1
v -1.8 0.3 -3.1
v -1.8 0.7 -3.1
v -1.8 0.8 -3.1
v -1.8 1.1 -3.1
v -1.2 0.7 -3.1
v -0.8 0.7 -3.1
v 1.7 0.7 -3.1
v 1.7 0.8 -3.1
v 1.8 0.3 -3.1
v 1.8 0.5 -3.1
v 1.8 0.6 -3.1
v 1.8 0.7 -3.1
v 1.8 0.8 -3.1
v 1.8 1.1 -3.1
v 1.9 0.3 -3.1
v 1.9 0.5 -3.1
v 1.9 0.7 -3.1
v 1.9 0.8 -3.1
v 1.9 1.1 -3.1
v -1.8 0.3 -3.2
v -1.8 0.7 -3.2
v -1.8 0.8 -3.2
v -1.8 1.1 -3.2
v -1.5 1 -3.2
v -1.5 1.1 -3.2
v -1.4 0.3 -3.2
v -1.4 0.4 -3.2
v -1.4 1 -3.2
v -1.4 1.1 -3.2
v -1.3 0.3 -3.2
v -1.3 0.4 -3.2
v -1.3 0.5 -3.2
v -1.2 0.5 -3.2
v -1.2 0.7 -3.2
v -1.2 1 -3.2
v -1.2 1.1 -3.2
v -1.1 1 -3.2
v -1.1 1.1 -3.2
v -1 1 -3.2
v -1 1.1 -3.2
v -0.9 1 -3.2
v -0.9 1.1 -3.2
v -0.8 0.5 -3.2
v -0.8 0.7 -3.2
v -0.8 1 -3.2
v -0.8 1.1 -3.2
v -0.7 0.5 -3.2
v -0.7 0.6 -3.2
v -0.7 1 -3.2
v -0.7 1.1 -3.2
v -0.6 0.5 -3.2
v -0.6 0.6 -3.2
v 0.4 0.9 -3.2
v 0.4 1.1 -3.2
v 0.6 0.5 -3.2
v 0.6 0.6 -3.2
v 0.7 0.5 -3.2
v 0.7 0.6 -3.2
v 1.3 0.3 -3.2
v 1.3 0.4 -3.2
v 1.3 0.5 -3.2
v 1.4 0.3 -3.2
v 1.4 0.4 -3.2
v 1.4 0.9 -3.2
v 1.4 1 -3.2
v 1.4 1.1 -3.2
v 1.5 1 -3.2
v 1.5 1.1 -3.2
v 1.6 1 -3.2
v 1.6 1.1 -3.2
v 1.7 0.6 -3.2
v 1.7 0.7 -3.2
v 1.7 0.8 -3.2
v 1.7 1 -3.2
v 1.8 0.3 -3.2
v 1.8 0.6 -3.2
v 1.8 0.7 -3.2
v 1.8 0.8 -3.2
v 1.8 1.1 -3.2
v -1.4 0.1 2.6
v 1.4 0.1 2.6
v -1.3 0.1 2.5
v -0.2 0.1 2.5
v 0.9 0.1 2.5
v 1.3 0.1 2.5
v -1.4 0.1 2
v -1.3 0.1 2
v -0.2 0.1 2
v 0.9 0.1 2
v 1.3 0.1 2
v 1.4 0.1 2
v -1.4 0.1 1.9
v -1.3 0.1 1.9
v -0.2 0.1 1.9
v 0.9 0.1 1.9
v 1.3 0.1 1.9
v 1.4 0.1 1.9
v -1.4 0.1 1.8
v -1.3 0.1 1.8
v -0.2 0.1 1.8
v 0.9 0.1 1.8
v 1.3 0.1 1.8
v 1.4 0.1 1.8
v -1.4 0.1 1.7
v -1.3 0.1 1.7
v -0.2 0.1 1.7
v 0.9 0.1 1.7
v 1.3 0.1 1.7
v 1.4 0.1 1.7
v -1.4 0.1 1.6
v -1.3 0.1 1.6
v -0.2 0.1 1.6
v 0.9 0.1 1.6
v 1.3 0.1 1.6
v 1.4 0.1 1.6
v -1.4 0.1 1.5
v -1.3 0.1 1.5
v 1.3 0.1 1.5
v 1.4 0.1 1.5
v -1.4 0.1 1.4
v -1.3 0.1 1.4
v 1.3 0.1 1.4
v 1.4 0.1 1.4
v -1.4 0.1 1.3
v -1.3 0.1 1.3
v 1.3 0.1 1.3
v 1.4 0.1 1.3
v -1.4 0.1 1.2
v -1.3 0.1 1.2
v 1.3 0.1 1.2
v 1.4 0.1 1.2
v -1.4 0.1 1.1
v -1.3 0.1 1.1
v 1.3 0.1 1.1
v 1.4 0.1 1.1
v -1.4 0.1 1
v -1.3 0.1 1
v 1.3 0.1 1
v 1.4 0.1 1
v -1.4 0.1 0.9
v -1.3 0.1 0.9
v 1.3 0.1 0.9
v 1.4 0.1 0.9
v -1.4 0.1 0.8
v -1.3 0.1 0.8
v 1.3 0.1 0.8
v 1.4 0.1 0.8
v -1.4 0.1 0.7
v 1.4 0.1 0.7
v -1.4 0.1 0.6
v -0.5 0.1 0.6
v -0.4 0.1 0.6
v 0.4 0.1 0.6
v 0.5 0.1 0.6
v 1.4 0.1 0.6
v -0.4 0.1 0.4
v 0.4 0.1 0.4
v -0.5 0.1 0.3
v 0.5 0.1 0.3
v -1.5 0.2 2.7
v -0.2 0.2 2.7
v 0.9 0.2 2.7
v 1.5 0.2 2.7
v -1.4 0.2 2.6
v -0.2 0.2 2.6
v 0.9 0.2 2.6
v 1.4 0.2 2.6
v -1.5 0.2 2
v -1.4 0.2 2
v 1.4 0.2 2
v 1.5 0.2 2
v -1.5 0.2 1.9
v -1.4 0.2 1.9
v 1.4 0.2 1.9
v 1.5 0.2 1.9
v -1.5 0.2 1.8
v -1.4 0.2 1.8
v 1.4 0.2 1.8
v 1.5 0.2 1.8
v -1.5 0.2 1.7
v -1.4 0.2 1.7
v 1.4 0.2 1.7
v 1.5 0.2 1.7
v -1.5 0.2 1.6
v -1.4 0.2 1.6
v 1.4 0.2 1.6
v 1.5 0.2 1.6
v -1.5 0.2 1.5
v -1.4 0.2 1.5
v 1.4 0.2 1.5
v 1.5 0.2 1.5
v -1.5 0.2 1.4
v -1.4 0.2 1.4
v 1.4 0.2 1.4
v 1.5 0.2 1.4
v -1.5 0.2 1.3
v -1.4 0.2 1.3
v 1.4 0.2 1.3
v 1.5 0.2 1.3
v -1.5 0.2 1.2
v -1.4 0.2 1.2
v 1.4 0.2 1.2
v 1.5 0.2 1.2
v -1.5 0.2 1.1
v -1.4 0.2 1.1
v 1.4 0.2 1.1
v 1.5 0.2 1.1
v -1.5 0.2 1
v -1.4 0.2 1
v 1.4 0.2 1
v 1.5 0.2 1
v -1.5 0.2 0.9
v -1.4 0.2 0.9
v 1.4 0.2 0.9
v 1.5 0.2 0.9
v -1.5 0.2 0.8
v -1.4 0.2 0.8
v 1.4 0.2 0.8
v 1.5 0.2 0.8
v -1.5 0.2 0.7
v -1.4 0.2 0.7
v 1.4 0.2 0.7
v 1.5 0.2 0.7
v -1.5 0.2 0.6
v -1.4 0.2 0.6
v 1.4 0.2 0.6
v 1.5 0.2 0.6
v -1.5 0.2 0.5
v -0.5 0.2 0.5
v 0.5 0.2 0.5
v 1.5 0.2 0.5
v -1.5 0.2 0.4
v -0.5 0.2 0.4
v 0.5 0.2 0.4
v 1.5 0.2 0.4
v -1.5 0.2 0.3
v -0.5 0.2 0.3
v 0.5 0.2 0.3
v 1.5 0.2 0.3
v -1 0.2 0.2
v 1 0.2 0.2
v -0.4 0.2 0
v 0.9 0.2 0
v -1.2 0.2 -0.0999999
v -1 0.2 -0.0999999
v -0.4 0.2 -0.0999999
v 0.9 0.2 -0.0999999
v -0.6 0.2 -0.2
v 0.9 0.2 -0.2
v -0.6 0.2 -0.3
v 0.9 0.2 -0.3
v -0.9 0.2 -0.4
v -0.5 0.2 -0.4
v 0.2 0.2 -0.4
v 0.9 0.2 -0.4
v 0.2 0.2 -0.5
v 0.9 0.2 -0.5
v -0.2 0.2 -0.6
v 0.4 0.2 -0.6
v 0.5 0.2 -0.6
v 0.9 0.2 -0.6
v -0.9 0.2 -0.7
v -0.5 0.2 -0.7
v -0.2 0.2 -0.7
v 0.4 0.2 -0.7
v 0.5 0.2 -0.7
v 0.9 0.2 -0.7
v -1.5 0.2 -0.8
v -1.2 0.2 -0.8
v -1 0.2 -0.8
v -0.5 0.2 -0.8
v 0.9 0.2 -0.8
v 1 0.2 -0.8
v 1.5 0.2 -0.8
v -0.5 0.2 -0.9
v 0.5 0.2 -0.9
v -0.4 0.2 -1
v 0.4 0.2 -1
v -0.4 0.2 -1.1
v 0.4 0.2 -1.1
v -0.5 0.2 -1.2
v 0.5 0.2 -1.2
v -1.5 0.2 -1.7
v -0.5 0.2 -1.7
v 0.9 0.2 -1.7
v 1.5 0.2 -1.7
v -1.9 0.3 3.1
v -1.6 0.3 3.1
v 1.2 0.3 3.1
v 1.2 0.3 3
v 1.4 0.3 3
v -1.9 0.3 2.9
v -1.6 0.3 2.9
v -0.2 0.3 2.9
v 0.9 0.3 2.9
v 1.4 0.3 2.9
v 1.6 0.3 2.9
v 1.6 0.3 2.8
v 1.7 0.3 2.8
v -1.5 0.3 2.7
v -0.2 0.3 2.7
v 0.9 0.3 2.7
v 1.5 0.3 2.7
v 1.7 0.3 2.7
v 1.8 0.3 2.7
v 1.8 0.3 2.5
v 1.9 0.3 2.5
v 1.5 0.3 2.4
v 1.9 0.3 2.4
v -1.9 0.3 2
v -1.5 0.3 2
v -1.4 0.3 2
v -1.3 0.3 2
v -0.2 0.3 2
v 0.9 0.3 2
v 1.3 0.3 2
v 1.4 0.3 2
v 1.5 0.3 2
v 1.9 0.3 2
v -1.9 0.3 1.9
v -1.5 0.3 1.9
v -1.4 0.3 1.9
v -1.3 0.3 1.9
v -0.2 0.3 1.9
v 0.9 0.3 1.9
v 1.3 0.3 1.9
v 1.4 0.3 1.9
v 1.5 0.3 1.9
v 1.9 0.3 1.9
v -1.9 0.3 1.8
v -1.5 0.3 1.8
v -1.4 0.3 1.8
v -1.3 0.3 1.8
v -0.2 0.3 1.8
v 0.9 0.3 1.8
v 1.3 0.3 1.8
v 1.4 0.3 1.8
v 1.5 0.3 1.8
v 1.9 0.3 1.8
v -1.9 0.3 1.7
v -1.5 0.3 1.7
v -1.4 0.3 1.7
v -1.3 0.3 1.7
v -0.2 0.3 1.7
v 0.9 0.3 1.7
v 1.3 0.3 1.7
v 1.4 0.3 1.7
v 1.5 0.3 1.7
v 1.9 0.3 1.7
v -1.9 0.3 1.6
v -1.5 0.3 1.6
v -1.4 0.3 1.6
v -1.3 0.3 1.6
v -0.2 0.3 1.6
v 0.9 0.3 1.6
v 1.3 0.3 1.6
v 1.4 0.3 1.6
v 1.5 0.3 1.6
v 1.9 0.3 1.6
v -1.9 0.3 1.5
v -1.5 0.3 1.5
v -1.4 0.3 1.5
v -1.3 0.3 1.5
v 1.3 0.3 1.5
v 1.4 0.3 1.5
v 1.5 0.3 1.5
v 1.9 0.3 1.5
v -1.9 0.3 1.4
v -1.5 0.3 1.4
v -1.4 0.3 1.4
v -1.3 0.3 1.4
v 1.3 0.3 1.4
v 1.4 0.3 1.4
v 1.5 0.3 1.4
v 1.9 0.3 1.4
v -1.9 0.3 1.3
v -1.5 0.3 1.3
v -1.4 0.3 1.3
v -1.3 0.3 1.3
v 1.3 0.3 1.3
v 1.4 0.3 1.3
v 1.5 0.3 1.3
v 1.9 0.3 1.3
v -1.9 0.3 1.2
v -1.5 0.3 1.2
v -1.4 0.3 1.2
v -1.3 0.3 1.2
v 1.3 0.3 1.2
v 1.4 0.3 1.2
v 1.5 0.3 1.2
v 1.9 0.3 1.2
v -1.9 0.3 1.1
v -1.5 0.3 1.1
v -1.4 0.3 1.1
v -1.3 0.3 1.1
v 1.3 0.3 1.1
v 1.4 0.3 1.1
v 1.5 0.3 1.1
v 1.9 0.3 1.1
v -1.9 0.3 1
v -1.5 0.3 1
v -1.4 0.3 1
v -1.3 0.3 1
v 1.3 0.3 1
v 1.4 0.3 1
v 1.5 0.3 1
v 1.9 0.3 1
v -1.9 0.3 0.9
v -1.5 0.3 0.9
v -1.4 0.3 0.9
v -1.3 0.3 0.9
v 1.3 0.3 0.9
v 1.4 0.3 0.9
v 1.5 0.3 0.9
v 1.9 0.3 0.9
v -1.9 0.3 0.8
v -1.5 0.3 0.8
v -1.4 0.3 0.8
v -1.3 0.3 0.8
v 1.3 0.3 0.8
v 1.4 0.3 0.8
v 1.5 0.3 0.8
v 1.9 0.3 0.8
v -1.9 0.3 0.7
v -1.5 0.3 0.7
v -1.4 0.3 0.7
v -1.3 0.3 0.7
v -0.5 0.3 0.7
v -0.4 0.3 0.7
v 0.4 0.3 0.7
v 0.5 0.3 0.7
v 1.3 0.3 0.7
v 1.4 0.3 0.7
v 1.5 0.3 0.7
v 1.9 0.3 0.7
v -1.9 0.3 0.6
v -1.5 0.3 0.6
v -0.5 0.3 0.6
v 0.5 0.3 0.6
v 1.5 0.3 0.6
v 1.9 0.3 0.6
v -1.9 0.3 0.5
v -1.5 0.3 0.5
v -0.5 0.3 0.5
v 0.5 0.3 0.5
v 1.5 0.3 0.5
v 1.9 0.3 0.5
v -1.9 0.3 0.4
v -1.5 0.3 0.4
v -0.5 0.3 0.4
v 0.5 0.3 0.4
v 1.5 0.3 0.4
v 1.9 0.3 0.4
v -1.9 0.3 0.3
v -1.5 0.3 0.3
v -0.5 0.3 0.3
v 0.5 0.3 0.3
v 1.5 0.3 0.3
v 1.9 0.3 0.3
v -1.8 0.3 -0.6
v -1.6 0.3 -0.6
v 1.6 0.3 -0.6
v 1.8 0.3 -0.6
v -1.8 0.3 -0.8
v -1.6 0.3 -0.8
v -1.5 0.3 -0.8
v 1.5 0.3 -0.8
v 1.6 0.3 -0.8
v 1.8 0.3 -0.8
v -1.5 0.3 -1.7
v -1.4 0.3 -1.7
v -1.3 0.3 -1.7
v 1.3 0.3 -1.7
v 1.4 0.3 -1.7
v 1.5 0.3 -1.7
v -1.8 0.3 -2.6
v -1.6 0.3 -2.6
v 1.6 0.3 -2.6
v 1.8 0.3 -2.6
v -1.8 0.3 -2.8
v -1.6 0.3 -2.8
v 1.6 0.3 -2.8
v 1.8 0.3 -2.8
v -1.9 0.3 -3.1
v -1.8 0.3 -3.1
v 1.8 0.3 -3.1
v 1.9 0.3 -3.1
v -1.8 0.3 -3.2
v -1.4 0.3 -3.2
v -1.3 0.3 -3.2
v 1.3 0.3 -3.2
v 1.4 0.3 -3.2
v 1.8 0.3 -3.2
v -1.8 0.4 2
v -1.5 0.4 2
v 1.5 0.4 2
v 1.8 0.4 2
v -1.8 0.4 1.9
v -1.5 0.4 1.9
v 1.5 0.4 1.9
v 1.8 0.4 1.9
v -1.8 0.4 1.8
v -1.5 0.4 1.8
v 1.5 0.4 1.8
v 1.8 0.4 1.8
v -1.8 0.4 1.7
v -1.5 0.4 1.7
v 1.5 0.4 1.7
v 1.8 0.4 1.7
v -1.8 0.4 1.6
v -1.5 0.4 1.6
v 1.5 0.4 1.6
v 1.8 0.4 1.6
v -1.8 0.4 1.5
v -1.5 0.4 1.5
v 1.5 0.4 1.5
v 1.8 0.4 1.5
v -1.8 0.4 1.4
v -1.5 0.4 1.4
v 1.5 0.4 1.4
v 1.8 0.4 1.4
v -1.8 0.4 1.3
v -1.5 0.4 1.3
v 1.5 0.4 1.3
v 1.8 0.4 1.3
v -1.8 0.4 1.2
v -1.5 0.4 1.2
v 1.5 0.4 1.2
v 1.8 0.4 1.2
v -1.8 0.4 1.1
v -1.5 0.4 1.1
v 1.5 0.4 1.1
v 1.8 0.4 1.1
v -1.8 0.4 1
v -1.5 0.4 1
v 1.5 0.4 1
v 1.8 0.4 1
v -1.8 0.4 0.9
v -1.5 0.4 0.9
v 1.5 0.4 0.9
v 1.8 0.4 0.9
v -1.8 0.4 0.8
v -1.5 0.4 0.8
v 1.5 0.4 0.8
v 1.8 0.4 0.8
v -1.8 0.4 0.7
v -1.5 0.4 0.7
v 1.5 0.4 0.7
v 1.8 0.4 0.7
v -1.8 0.4 0.6
v -1.5 0.4 0.6
v 1.5 0.4 0.6
v 1.8 0.4 0.6
v -1.8 0.4 0.5
v -1.5 0.4 0.5
v 1.5 0.4 0.5
v 1.8 0.4 0.5
v -1.8 0.4 0.4
v -1.5 0.4 0.4
v 1.5 0.4 0.4
v 1.8 0.4 0.4
v -1.8 0.4 0.3
v -1.5 0.4 0.3
v 1.5 0.4 0.3
v 1.8 0.4 0.3
v 1.9 0.4 -2.1
v 2 0.4 -2.1
v 1.9 0.4 -2.6
v 2 0.4 -2.6
v -1.3 0.5 -1.4
v 1.3 0.5 -1.4
v -0.7 0.5 -2
v -0.6 0.5 -2
v 0.6 0.5 -2
v 0.7 0.5 -2
v -1.2 0.5 -3.1
v -0.8 0.5 -3.1
v -1.3 0.5 -3.2
v -1.2 0.5 -3.2
v -0.8 0.5 -3.2
v -0.7 0.5 -3.2
v -0.6 0.5 -3.2
v 0.6 0.5 -3.2
v 0.7 0.5 -3.2
v 1.3 0.5 -3.2
v -0.7 0.6 -2
v -0.6 0.6 -2
v 0.6 0.6 -2
v 0.7 0.6 -2
v -0.7 0.6 -3.2
v -0.6 0.6 -3.2
v 0.6 0.6 -3.2
v 0.7 0.6 -3.2
v -1.9 0.8 3.1
v 1.2 0.8 3.1
v -1.8 0.8 3
v 1.2 0.8 3
v 1.4 0.8 3
v 1.2 0.8 2.9
v 1.4 0.8 2.9
v 1.5 0.8 2.9
v 1.6 0.8 2.9
v 1.5 0.8 2.8
v 1.6 0.8 2.8
v 1.7 0.8 2.8
v 1.6 0.8 2.7
v 1.7 0.8 2.7
v 1.8 0.8 2.7
v 1.7 0.8 2.5
v 1.8 0.8 2.5
v 1.9 0.8 2.5
v -1.9 0.8 -0.7
v -1.8 0.8 -0.7
v -1.9 0.8 -1.3
v -1.8 0.8 -1.3
v 1.8 0.8 -1.5
v 1.9 0.8 -1.5
v 1.8 0.8 -2.2
v 1.9 0.8 -2.2
v 1.8 0.8 -2.7
v 1.9 0.8 -2.7
v 1.8 0.8 -2.8
v 1.9 0.8 -2.8
v 1.8 0.8 -2.9
v 1.9 0.8 -2.9
v 1.8 0.8 -3
v 1.9 0.8 -3
v -1.9 0.8 -3.1
v -1.8 0.8 -3.1
v 1.7 0.8 -3.1
v 1.8 0.8 -3.1
v 1.9 0.8 -3.1
v -1.8 0.8 -3.2
v 1.7 0.8 -3.2
v 1.8 0.8 -3.2
v -1.3 0.3 -1.4
v -0.5 0.3 -1.4
v 0.9 0.3 -1.4
v 1.3 0.3 -1.4
v -1.3 0.3 -1.7
v -0.5 0.3 -1.7
v 0.9 0.3 -1.7
v 1.3 0.3 -1.7
v 1.8 0.5 -1.3
v 1.9 0.5 -1.3
v 1.8 0.5 -1.8
v 1.9 0.5 -1.8
v -1.9 0.7 3.1
v 1.2 0.7 3.1
v -1.8 0.7 3
v 1.2 0.7 3
v 1.4 0.7 3
v 1.2 0.7 2.9
v 1.4 0.7 2.9
v 1.5 0.7 2.9
v 1.6 0.7 2.9
v 1.5 0.7 2.8
v 1.6 0.7 2.8
v 1.7 0.7 2.8
v 1.6 0.7 2.7
v 1.7 0.7 2.7
v 1.8 0.7 2.7
v 1.7 0.7 2.5
v 1.8 0.7 2.5
v 1.9 0.7 2.5
v 1.8 0.7 2.4
v 1.9 0.7 2.4
v -1.9 0.7 2
v -1.8 0.7 2
v 1.8 0.7 2
v 1.9 0.7 2
v -1.9 0.7 1.9
v -1.8 0.7 1.9
v 1.8 0.7 1.9
v 1.9 0.7 1.9
v -1.9 0.7 1.8
v -1.8 0.7 1.8
v 1.8 0.7 1.8
v 1.9 0.7 1.8
v -1.9 0.7 1.7
v -1.8 0.7 1.7
v 1.8 0.7 1.7
v 1.9 0.7 1.7
v -1.9 0.7 1.6
v -1.8 0.7 1.6
v 1.8 0.7 1.6
v 1.9 0.7 1.6
v -1.9 0.7 1.5
v -1.8 0.7 1.5
v 1.8 0.7 1.5
v 1.9 0.7 1.5
v -1.9 0.7 1.4
v -1.8 0.7 1.4
v 1.8 0.7 1.4
v 1.9 0.7 1.4
v -1.9 0.7 1.3
v -1.8 0.7 1.3
v 1.8 0.7 1.3
v 1.9 0.7 1.3
v -1.9 0.7 1.2
v -1.8 0.7 1.2
v 1.8 0.7 1.2
v 1.9 0.7 1.2
v -1.9 0.7 1.1
v -1.8 0.7 1.1
v 1.8 0.7 1.1
v 1.9 0.7 1.1
v -1.9 0.7 1
v -1.8 0.7 1
v 1.8 0.7 1
v 1.9 0.7 1
v -1.9 0.7 0.9
v -1.8 0.7 0.9
v 1.8 0.7 0.9
v 1.9 0.7 0.9
v -1.9 0.7 0.8
v -1.8 0.7 0.8
v 1.8 0.7 0.8
v 1.9 0.7 0.8
v -1.9 0.7 0.7
v -1.8 0.7 0.7
v 1.8 0.7 0.7
v 1.9 0.7 0.7
v -1.9 0.7 0.6
v -1.8 0.7 0.6
v 1.8 0.7 0.6
v 1.9 0.7 0.6
v -1.9 0.7 0.5
v -1.8 0.7 0.5
v 1.8 0.7 0.5
v 1.9 0.7 0.5
v -1.9 0.7 0.4
v -1.8 0.7 0.4
v 1.8 0.7 0.4
v 1.9 0.7 0.4
v -1.9 0.7 0.3
v -1.8 0.7 0.3
v 1.8 0.7 0.3
v 1.9 0.7 0.3
v 1.8 0.7 -1.2
v 1.9 0.7 -1.2
v 1.8 0.7 -1.3
v 1.9 0.7 -1.3
v 1.8 0.7 -1.8
v 1.9 0.7 -1.8
v 1.9 0.7 -2.1
v 2 0.7 -2.1
v -1.9 0.7 -2.2
v -1.8 0.7 -2.2
v 1.9 0.7 -2.5
v 2 0.7 -2.5
v 1.9 0.7 -2.6
v 2 0.7 -2.6
v -1.9 0.7 -2.8
v -1.8 0.7 -2.8
v 1.8 0.7 -2.9
v 1.9 0.7 -2.9
v -1.9 0.7 -3.1
v -1.8 0.7 -3.1
v -1.2 0.7 -3.1
v -0.8 0.7 -3.1
v 1.7 0.7 -3.1
v 1.8 0.7 -3.1
v 1.9 0.7 -3.1
v -1.8 0.7 -3.2
v -1.2 0.7 -3.2
v -0.8 0.7 -3.2
v 1.7 0.7 -3.2
v 1.8 0.7 -3.2
v 0.8 1 3
v 0.9 1 3
v 1 1 2.9
v 1.1 1 2.9
v 0.7 1 2.8
v 0.8 1 2.8
v 0.9 1 2.8
v 1.2 1 2.8
v 1.3 1 2.8
v 0.9 1 2.7
v 1 1 2.7
v 1.1 1 2.7
v 1.4 1 2.7
v 1.5 1 2.7
v 0.7 1 2.6
v 0.8 1 2.6
v 1.1 1 2.6
v 1.2 1 2.6
v 1.3 1 2.6
v 1.6 1 2.6
v 1.7 1 2.6
v 0.9 1 2.5
v 1 1 2.5
v 1.3 1 2.5
v 1.4 1 2.5
v 1.5 1 2.5
v 1.1 1 2.4
v 1.2 1 2.4
v 1.5 1 2.4
v 1.6 1 2.4
v 1.7 1 2.4
v 1.3 1 2.3
v 1.4 1 2.3
v 1.5 1 2.2
v 1.6 1 2.2
v -1.9 1 -2.8
v 1.8 1 -2.8
v -1.9 1 -2.9
v -1.5 1 -2.9
v -1.4 1 -2.9
v 0.4 1 -2.9
v 1.4 1 -2.9
v 1.5 1 -2.9
v 1.8 1 -2.9
v -1.3 1 -3
v -0.4 1 -3
v -1.3 1 -3.1
v -1.2 1 -3.1
v -1.1 1 -3.1
v -1 1 -3.1
v -0.9 1 -3.1
v -0.8 1 -3.1
v -0.7 1 -3.1
v -0.4 1 -3.1
v -1.5 1 -3.2
v -1.4 1 -3.2
v -1.2 1 -3.2
v -1.1 1 -3.2
v -1 1 -3.2
v -0.9 1 -3.2
v -0.8 1 -3.2
v -0.7 1 -3.2
v 1.4 1 -3.2
v 1.5 1 -3.2
v -1.9 1.1 3.1
v 1.2 1.1 3.1
v 0.8 1.1 3
v 0.9 1.1 3
v 1.2 1.1 3
v 1.4 1.1 3
v 1 1.1 2.9
v 1.1 1.1 2.9
v 1.4 1.1 2.9
v 1.6 1.1 2.9
v -1.5 1.1 2.8
v 0.1 1.1 2.8
v 0.7 1.1 2.8
v 0.8 1.1 2.8
v 0.9 1.1 2.8
v 1.2 1.1 2.8
v 1.3 1.1 2.8
v 1.6 1.1 2.8
v 1.7 1.1 2.8
v 0.9 1.1 2.7
v 1 1.1 2.7
v 1.1 1.1 2.7
v 1.4 1.1 2.7
v 1.5 1.1 2.7
v 1.7 1.1 2.7
v 1.8 1.1 2.7
v -0.6 1.1 2.6
v -0.3 1.1 2.6
v 0.2 1.1 2.6
v 0.5 1.1 2.6
v 0.7 1.1 2.6
v 0.8 1.1 2.6
v 1.1 1.1 2.6
v 1.2 1.1 2.6
v 1.3 1.1 2.6
v 1.6 1.1 2.6
v 1.7 1.1 2.6
v -0.6 1.1 2.5
v -0.3 1.1 2.5
v 0.2 1.1 2.5
v 0.5 1.1 2.5
v 0.9 1.1 2.5
v 1 1.1 2.5
v 1.3 1.1 2.5
v 1.4 1.1 2.5
v 1.5 1.1 2.5
v 1.8 1.1 2.5
v 1.9 1.1 2.5
v -0.7 1.1 2.4
v -0.5 1.1 2.4
v 0.1 1.1 2.4
v 0.3 1.1 2.4
v 1.1 1.1 2.4
v 1.2 1.1 2.4
v 1.5 1.1 2.4
v 1.6 1.1 2.4
v 1.7 1.1 2.4
v -0.5 1.1 2.3
v -0.4 1.1 2.3
v -0.3 1.1 2.3
v 0.3 1.1 2.3
v 0.4 1.1 2.3
v 0.5 1.1 2.3
v 1.3 1.1 2.3
v 1.4 1.1 2.3
v -0.7 1.1 2.2
v -0.6 1.1 2.2
v -0.5 1.1 2.2
v -0.3 1.1 2.2
v -0.1 1.1 2.2
v 0.1 1.1 2.2
v 0.2 1.1 2.2
v 0.3 1.1 2.2
v 0.5 1.1 2.2
v 0.7 1.1 2.2
v 1.5 1.1 2.2
v 1.6 1.1 2.2
v -0.5 1.1 2.1
v -0.3 1.1 2.1
v -0.1 1.1 2.1
v 0.3 1.1 2.1
v 0.5 1.1 2.1
v 0.7 1.1 2.1
v -0.3 1.1 2
v -0.2 1.1 2
v -0.1 1.1 2
v 0.5 1.1 2
v 0.6 1.1 2
v 0.7 1.1 2
v 0.8 1.1 1.7
v 1 1.1 1.7
v -1.3 1.1 1.6
v -0.8 1.1 1.6
v 0.1 1.1 1.6
v 0.8 1.1 1.6
v 1 1.1 1.6
v -1.4 1.1 1.5
v -1.3 1.1 1.5
v -0.8 1.1 1.5
v -0.7 1.1 1.5
v 0.6 1.1 1.5
v 0.9 1.1 1.5
v -1.5 1.1 1.4
v -1.4 1.1 1.4
v -0.7 1.1 1.4
v -0.6 1.1 1.4
v 0.5 1.1 1.4
v 0.6 1.1 1.4
v 0.9 1.1 1.4
v 1 1.1 1.4
v -1.6 1.1 1.3
v -1.5 1.1 1.3
v -1.3 1.1 1.3
v -0.8 1.1 1.3
v -0.6 1.1 1.3
v -0.5 1.1 1.3
v -0.1 1.1 1.3
v 0.4 1.1 1.3
v 0.5 1.1 1.3
v 0.6 1.1 1.3
v 0.9 1.1 1.3
v 1 1.1 1.3
v 1.1 1.1 1.3
v 1.4 1.1 1.3
v 1.6 1.1 1.3
v -0.5 1.1 1.2
v 1 1.1 1.2
v 1.1 1.1 1.2
v 1.3 1.1 1.2
v 1.4 1.1 1.2
v 1.6 1.1 1.2
v -0.5 1.1 1.1
v 1.1 1.1 1.1
v 1.2 1.1 1.1
v 1.3 1.1 1.1
v 1.5 1.1 1.1
v 0.4 1.1 1
v 0.5 1.1 1
v 0.6 1.1 1
v 0.9 1.1 1
v 1 1.1 1
v 1.1 1.1 1
v 1.2 1.1 1
v 1.5 1.1 1
v 1.6 1.1 1
v -0.5 1.1 0.9
v 0.5 1.1 0.9
v 0.6 1.1 0.9
v 0.8 1.1 0.9
v 0.9 1.1 0.9
v 1 1.1 0.9
v 1.1 1.1 0.9
v 1.2 1.1 0.9
v 1.5 1.1 0.9
v 1.6 1.1 0.9
v 1.7 1.1 0.9
v -1.6 1.1 0.8
v -1.5 1.1 0.8
v -1.3 1.1 0.8
v -0.8 1.1 0.8
v -0.6 1.1 0.8
v -0.5 1.1 0.8
v 0.6 1.1 0.8
v 0.8 1.1 0.8
v 1 1.1 0.8
v -1.5 1.1 0.7
v -1.4 1.1 0.7
v -0.7 1.1 0.7
v -0.6 1.1 0.7
v 0.8 1.1 0.7
v 1 1.1 0.7
v -1.4 1.1 0.6
v -1.3 1.1 0.6
v -0.8 1.1 0.6
v -0.7 1.1 0.6
v 1 1.1 0.6
v 1.1 1.1 0.6
v 1.2 1.1 0.6
v 1.5 1.1 0.6
v 1.6 1.1 0.6
v 1.7 1.1 0.6
v -1.3 1.1 0.5
v -1.2 1.1 0.5
v -1 1.1 0.5
v -0.8 1.1 0.5
v -0.1 1.1 0.5
v 1 1.1 0.5
v 1.1 1.1 0.5
v 1.2 1.1 0.5
v 1.5 1.1 0.5
v 1.6 1.1 0.5
v 1.2 1.1 0.4
v 1.5 1.1 0.4
v 0.8 1.1 0.2
v 1.6 1.1 0.2
v -1.5 1.1 0
v -1.4 1.1 0
v -1.3 1.1 0
v -1.1 1.1 0
v -1 1.1 0
v -0.9 1.1 0
v -0.8 1.1 0
v -0.7 1.1 0
v -0.6 1.1 0
v -0.3 1.1 0
v -0.2 1.1 0
v -0.1 1.1 0
v 0 1.1 0
v 0.1 1.1 0
v 1.8 1.1 0
v 1.9 1.1 0
v -1.5 1.1 -0.0999999
v -1.4 1.1 -0.0999999
v -1.3 1.1 -0.0999999
v -1.1 1.1 -0.0999999
v -1 1.1 -0.0999999
v -0.9 1.1 -0.0999999
v -0.8 1.1 -0.0999999
v -0.7 1.1 -0.0999999
v -0.6 1.1 -0.0999999
v -0.3 1.1 -0.0999999
v -0.2 1.1 -0.0999999
v -0.1 1.1 -0.0999999
v 0 1.1 -0.0999999
v 0.1 1.1 -0.0999999
v -1.5 1.1 -0.2
v 0.8 1.1 -0.2
v 1.2 1.1 -0.2
v -1.6 1.1 -0.3
v -1.5 1.1 -0.3
v 1.2 1.1 -0.3
v 1.4 1.1 -0.3
v 1.4 1.1 -0.4
v 1.5 1.1 -0.4
v -1.1 1.1 -0.5
v 1.1 1.1 -0.5
v 1.5 1.1 -0.6
v 1.6 1.1 -0.6
v -1.9 1.1 -0.7
v -1.6 1.1 -0.7
v 1.8 1.1 -1.2
v 1.9 1.1 -1.2
v -1.9 1.1 -1.3
v -1.6 1.1 -1.3
v -1.5 1.1 -1.4
v -1.3 1.1 -1.4
v -1.5 1.1 -1.5
v -1.3 1.1 -1.5
v 1.7 1.1 -1.5
v 1.9 1.1 -1.5
v -1.5 1.1 -1.6
v -1.4 1.1 -1.6
v -1.5 1.1 -1.7
v -1.4 1.1 -1.7
v 1.7 1.1 -2.2
v 1.9 1.1 -2.2
v -1.4 1.1 -2.3
v -1.2 1.1 -2.3
v -1.1 1.1 -2.3
v 1.1 1.1 -2.3
v 1.2 1.1 -2.3
v 1.4 1.1 -2.3
v 1.8 1.1 -2.3
v 1.9 1.1 -2.3
v -1.4 1.1 -2.4
v -1.2 1.1 -2.4
v -1.1 1.1 -2.4
v -1 1.1 -2.4
v -0.9 1.1 -2.4
v -0.8 1.1 -2.4
v -0.7 1.1 -2.4
v -0.5 1.1 -2.4
v -0.4 1.1 -2.4
v -0.3 1.1 -2.4
v -0.2 1.1 -2.4
v 0.1 1.1 -2.4
v 0.2 1.1 -2.4
v 0.3 1.1 -2.4
v 0.4 1.1 -2.4
v 0.5 1.1 -2.4
v 0.6 1.1 -2.4
v 0.7 1.1 -2.4
v 0.8 1.1 -2.4
v 1.1 1.1 -2.4
v 1.2 1.1 -2.4
v 1.4 1.1 -2.4
v -1.6 1.1 -2.5
v -1.5 1.1 -2.5
v -1.4 1.1 -2.5
v -1.2 1.1 -2.5
v -1.1 1.1 -2.5
v -1 1.1 -2.5
v -0.9 1.1 -2.5
v -0.8 1.1 -2.5
v -0.7 1.1 -2.5
v -0.5 1.1 -2.5
v -0.4 1.1 -2.5
v -0.3 1.1 -2.5
v -0.2 1.1 -2.5
v 0.1 1.1 -2.5
v 0.2 1.1 -2.5
v 0.3 1.1 -2.5
v 0.4 1.1 -2.5
v 0.5 1.1 -2.5
v 0.6 1.1 -2.5
v 0.7 1.1 -2.5
v 0.8 1.1 -2.5
v 1.1 1.1 -2.5
v 1.2 1.1 -2.5
v 1.4 1.1 -2.5
v 1.5 1.1 -2.5
v 1.6 1.1 -2.5
v -1.5 1.1 -2.6
v 1.5 1.1 -2.6
v -1.9 1.1 -2.8
v 1.8 1.1 -2.8
v 1.9 1.1 -2.8
v -1.9 1.1 -2.9
v -1.5 1.1 -2.9
v -1.4 1.1 -2.9
v 0.4 1.1 -2.9
v 1.4 1.1 -2.9
v 1.5 1.1 -2.9
v 1.9 1.1 -2.9
v -1.3 1.1 -3
v -0.4 1.1 -3
v 1.8 1.1 -3
v 1.9 1.1 -3
v -1.9 1.1 -3.1
v -1.8 1.1 -3.1
v -1.3 1.1 -3.1
v -1.2 1.1 -3.1
v -1.1 1.1 -3.1
v -1 1.1 -3.1
v -0.9 1.1 -3.1
v -0.8 1.1 -3.1
v -0.7 1.1 -3.1
v -0.4 1.1 -3.1
v 1.6 1.1 -3.1
v 1.8 1.1 -3.1
v 1.9 1.1 -3.1
v -1.8 1.1 -3.2
v -1.5 1.1 -3.2
v -1.4 1.1 -3.2
v -1.2 1.1 -3.2
v -1.1 1.1 -3.2
v -1 1.1 -3.2
v -0.9 1.1 -3.2
v -0.8 1.1 -3.2
v -0.7 1.1 -3.2
v 0.4 1.1 -3.2
v 1.4 1.1 -3.2
v 1.5 1.1 -3.2
v 1.6 1.1 -3.2
v 1.8 1.1 -3.2
v -0.7 1.2 2.4
v -0.5 1.2 2.4
v 0.1 1.2 2.4
v 0.3 1.2 2.4
v -0.6 1.2 2.3
v -0.5 1.2 2.3
v -0.4 1.2 2.3
v -0.3 1.2 2.3
v 0.2 1.2 2.3
v 0.3 1.2 2.3
v 0.4 1.2 2.3
v 0.5 1.2 2.3
v -0.7 1.2 2.2
v -0.6 1.2 2.2
v -0.5 1.2 2.2
v -0.4 1.2 2.2
v -0.3 1.2 2.2
v -0.1 1.2 2.2
v 0.1 1.2 2.2
v 0.2 1.2 2.2
v 0.3 1.2 2.2
v 0.4 1.2 2.2
v 0.5 1.2 2.2
v 0.7 1.2 2.2
v -0.5 1.2 2.1
v -0.3 1.2 2.1
v -0.2 1.2 2.1
v -0.1 1.2 2.1
v 0.3 1.2 2.1
v 0.5 1.2 2.1
v 0.6 1.2 2.1
v 0.7 1.2 2.1
v -0.3 1.2 2
v -0.2 1.2 2
v -0.1 1.2 2
v 0.5 1.2 2
v 0.6 1.2 2
v 0.7 1.2 2
v -1.3 1.2 1.6
v -0.8 1.2 1.6
v -1.2 1.2 1.5
v -0.8 1.2 1.5
v -1.1 1.2 1.4
v -0.9 1.2 1.4
v 0.6 1.2 1.4
v 0.9 1.2 1.4
v -1.6 1.2 1.3
v -1.3 1.2 1.3
v -1.2 1.2 1.3
v -1.1 1.2 1.3
v -0.9 1.2 1.3
v -0.8 1.2 1.3
v -0.5 1.2 1.3
v 0.5 1.2 1.3
v 0.6 1.2 1.3
v 0.9 1.2 1.3
v 1 1.2 1.3
v -1.5 1.2 1.2
v -1.3 1.2 1.2
v -1.1 1.2 1.2
v -1 1.2 1.2
v -0.8 1.2 1.2
v -0.5 1.2 1.2
v -1.4 1.2 1.1
v -1.3 1.2 1.1
v -1.2 1.2 1.1
v -1.1 1.2 1.1
v -1 1.2 1.1
v -0.9 1.2 1.1
v -0.8 1.2 1.1
v -0.7 1.2 1.1
v -0.6 1.2 1.1
v -0.5 1.2 1.1
v 0.8 1.2 1.1
v 0.9 1.2 1.1
v -1.2 1.2 1
v -1.1 1.2 1
v -1 1.2 1
v -0.9 1.2 1
v 0.5 1.2 1
v 0.6 1.2 1
v 0.8 1.2 1
v 0.9 1.2 1
v 1 1.2 1
v 1.2 1.2 1
v 1.5 1.2 1
v -1.4 1.2 0.9
v -1.3 1.2 0.9
v -1.1 1.2 0.9
v -1 1.2 0.9
v -0.9 1.2 0.9
v -0.8 1.2 0.9
v -0.7 1.2 0.9
v -0.6 1.2 0.9
v -0.5 1.2 0.9
v 0.6 1.2 0.9
v 0.9 1.2 0.9
v 1.1 1.2 0.9
v 1.2 1.2 0.9
v 1.5 1.2 0.9
v 1.6 1.2 0.9
v -1.6 1.2 0.8
v -1.5 1.2 0.8
v -1.3 1.2 0.8
v -1.2 1.2 0.8
v -1.1 1.2 0.8
v -0.9 1.2 0.8
v -0.8 1.2 0.8
v -0.6 1.2 0.8
v -0.5 1.2 0.8
v -1.1 1.2 0.7
v -0.9 1.2 0.7
v 1.4 1.2 0.7
v 1.5 1.2 0.7
v -1.2 1.2 0.6
v -1 1.2 0.6
v -0.9 1.2 0.6
v 1.1 1.2 0.6
v 1.2 1.2 0.6
v 1.4 1.2 0.6
v 1.5 1.2 0.6
v 1.6 1.2 0.6
v -1.3 1.2 0.5
v -1.2 1.2 0.5
v -1 1.2 0.5
v -0.8 1.2 0.5
v 1.2 1.2 0.5
v 1.5 1.2 0.5

# faces
f 22/26/1 21/26/1 20/26/1
f 23/26/1 21/26/1 22/26/1
f 24/3/1 2/3/1 1/3/1
f 25/26/1 3/26/1 2/26/1
f 25/3/1 2/3/1 24/3/1
f 26/26/1 25/26/1 24/26/1
f 27/26/1 3/26/1 25/26/1
f 27/26/1 25/26/1 26/26/1
f 28/26/1 5/26/1 4/26/1
f 29/26/1 5/26/1 28/26/1
f 30/26/1 7/26/1 6/26/1
f 31/26/1 7/26/1 30/26/1
f 32/26/1 9/26/1 8/26/1
f 33/26/1 9/26/1 32/26/1
f 34/26/1 11/26/1 10/26/1
f 35/26/1 11/26/1 34/26/1
f 36/26/1 13/26/1 12/26/1
f 37/26/1 13/26/1 36/26/1
f 38/26/1 15/26/1 14/26/1
f 39/26/1 15/26/1 38/26/1
f 40/26/1 17/26/1 16/26/1
f 41/26/1 17/26/1 40/26/1
f 42/26/1 19/26/1 18/26/1
f 43/26/1 19/26/1 42/26/1
f 44/26/1 22/26/1 20/26/1
f 45/3/1 23/3/1 22/3/1
f 45/26/1 22/26/1 44/26/1
f 46/26/1 21/26/1 23/26/1
f 46/3/1 23/3/1 45/3/1
f 47/26/1 21/26/1 46/26/1
f 52/26/1 51/26/1 50/26/1
f 53/26/1 51/26/1 52/26/1
f 54/26/1 49/26/1 48/26/1
f 55/3/1 50/3/1 49/3/1
f 55/26/1 49/26/1 54/26/1
f 56/26/1 52/26/1 50/26/1
f 56/3/1 50/3/1 55/3/1
f 57/26/1 52/26/1 56/26/1
f 58/26/1 51/26/1 53/26/1
f 59/26/1 51/26/1 58/26/1
f 81/26/1 63/26/1 62/26/1
f 82/26/1 63/26/1 81/26/1
f 83/26/1 65/26/1 64/26/1
f 84/26/1 65/26/1 83/26/1
f 85/26/1 67/26/1 66/26/1
f 86/26/1 67/26/1 85/26/1
f 87/26/1 69/26/1 68/26/1
f 88/26/1 69/26/1 87/26/1
f 89/26/1 71/26/1 70/26/1
f 90/26/1 71/26/1 89/26/1
f 91/26/1 73/26/1 72/26/1
f 92/26/1 73/26/1 91/26/1
f 93/26/1 75/26/1 74/26/1
f 94/26/1 75/26/1 93/26/1
f 95/26/1 77/26/1 76/26/1
f 96/26/1 77/26/1 95/26/1
f 97/26/1 79/26/1 78/26/1
f 98/26/1 79/26/1 97/26/1
f 101/26/1 61/26/1 60/26/1
f 102/26/1 61/26/1 101/26/1
f 103/26/1 100/26/1 99/26/1
f 103/26/1 96/26/1 95/26/1
f 103/26/1 101/26/1 100/26/1
f 103/26/1 82/26/1 81/26/1
f 103/26/1 99/26/1 98/26/1
f 103/26/1 98/26/1 97/26/1
f 103/26/1 97/26/1 96/26/1
f 103/26/1 84/26/1 83/26/1
f 103/26/1 95/26/1 94/26/1
f 103/26/1 86/26/1 85/26/1
f 103/26/1 93/26/1 92/26/1
f 103/26/1 88/26/1 87/26/1
f 103/26/1 91/26/1 90/26/1
f 103/26/1 90/26/1 89/26/1
f 103/26/1 89/26/1 88/26/1
f 103/26/1 92/26/1 91/26/1
f 103/26/1 87/26/1 86/26/1
f 103/26/1 94/26/1 93/26/1
f 103/26/1 85/26/1 84/26/1
f 103/26/1 81/26/1 80/26/1
f 103/26/1 83/26/1 82/26/1
f 104/26/1 101/26/1 103/26/1
f 105/26/1 101/26/1 104/26/1
f 106/26/1 101/26/1 105/26/1
f 108/26/1 107/26/1 106/26/1
f 109/26/1 107/26/1 108/26/1
f 112/1/1 111/1/1 110/1/1
f 113/1/1 111/1/1 112/1/1
f 135/26/1 115/26/1 114/26/1
f 136/26/1 115/26/1 135/26/1
f 137/26/1 117/26/1 116/26/1
f 138/26/1 117/26/1 137/26/1
f 139/26/1 119/26/1 118/26/1
f 140/26/1 119/26/1 139/26/1
f 141/26/1 121/26/1 120/26/1
f 142/26/1 121/26/1 141/26/1
f 143/26/1 123/26/1 122/26/1
f 144/26/1 123/26/1 143/26/1
f 145/26/1 125/26/1 124/26/1
f 146/26/1 125/26/1 145/26/1
f 147/26/1 127/26/1 126/26/1
f 148/26/1 127/26/1 147/26/1
f 149/26/1 129/26/1 128/26/1
f 150/26/1 129/26/1 149/26/1
f 151/26/1 131/26/1 130/26/1
f 152/26/1 131/26/1 151/26/1
f 153/26/1 133/26/1 132/26/1
f 154/3/1 134/3/1 133/3/1
f 154/26/1 133/26/1 153/26/1
f 155/3/1 134/3/1 154/3/1
f 156/26/1 137/26/1 136/26/1
f 157/26/1 137/26/1 156/26/1
f 158/26/1 139/26/1 138/26/1
f 159/26/1 139/26/1 158/26/1
f 160/26/1 141/26/1 140/26/1
f 161/26/1 141/26/1 160/26/1
f 162/26/1 143/26/1 142/26/1
f 163/26/1 143/26/1 162/26/1
f 164/26/1 145/26/1 144/26/1
f 165/26/1 145/26/1 164/26/1
f 166/26/1 147/26/1 146/26/1
f 167/26/1 147/26/1 166/26/1
f 168/26/1 149/26/1 148/26/1
f 169/26/1 149/26/1 168/26/1
f 170/26/1 151/26/1 150/26/1
f 171/26/1 151/26/1 170/26/1
f 172/26/1 153/26/1 152/26/1
f 173/26/1 153/26/1 172/26/1
f 190/13/1 175/13/1 174/13/1
f 191/13/1 175/13/1 190/13/1
f 192/13/1 177/13/1 176/13/1
f 193/13/1 177/13/1 192/13/1
f 194/13/1 179/13/1 178/13/1
f 195/13/1 179/13/1 194/13/1
f 196/13/1 181/13/1 180/13/1
f 197/13/1 181/13/1 196/13/1
f 198/13/1 183/13/1 182/13/1
f 199/13/1 183/13/1 198/13/1
f 200/13/1 185/13/1 184/13/1
f 201/13/1 185/13/1 200/13/1
f 202/13/1 187/13/1 186/13/1
f 203/13/1 187/13/1 202/13/1
f 204/13/1 189/13/1 188/13/1
f 205/13/1 189/13/1 204/13/1
f 208/26/1 207/26/1 206/26/1
f 209/26/1 207/26/1 208/26/1
f 216/1/1 211/1/1 210/1/1
f 216/1/1 212/1/1 211/1/1
f 217/1/1 212/1/1 216/1/1
f 218/1/1 215/1/1 214/1/1
f 218/1/1 214/1/1 213/1/1
f 219/1/1 215/1/1 218/1/1
f 222/26/1 221/26/1 220/26/1
f 223/26/1 221/26/1 222/26/1
f 226/26/1 225/26/1 224/26/1
f 227/26/1 225/26/1 226/26/1
f 232/26/1 229/26/1 228/26/1
f 233/26/1 229/26/1 232/26/1
f 234/1/1 231/1/1 230/1/1
f 235/1/1 231/1/1 234/1/1
f 238/26/1 237/26/1 236/26/1
f 239/26/1 237/26/1 238/26/1
f 242/13/1 241/13/1 240/13/1
f 243/13/1 241/13/1 242/13/1
f 244/13/1 241/13/1 243/13/1
f 245/13/1 241/13/1 244/13/1
f 246/13/1 243/13/1 242/13/1
f 247/13/1 243/13/1 246/13/1
f 248/13/1 245/13/1 244/13/1
f 249/13/1 245/13/1 248/13/1
f 252/5/1 251/5/1 250/5/1
f 253/5/1 251/5/1 252/5/1
f 256/26/1 255/26/1 254/26/1
f 257/26/1 255/26/1 256/26/1
f 260/5/1 259/5/1 258/5/1
f 261/5/1 259/5/1 260/5/1
f 264/1/1 263/1/1 262/1/1
f 265/1/1 263/1/1 264/1/1
f 268/5/1 267/5/1 266/5/1
f 269/5/1 267/5/1 268/5/1
f 274/5/1 271/5/1 270/5/1
f 275/5/1 271/5/1 274/5/1
f 276/9/1 273/9/1 272/9/1
f 277/9/1 273/9/1 276/9/1
f 282/9/1 279/9/1 278/9/1
f 283/9/1 279/9/1 282/9/1
f 284/17/1 281/17/1 280/17/1
f 285/17/1 281/17/1 284/17/1
f 288/26/1 287/26/1 286/26/1
f 289/26/1 287/26/1 288/26/1
f 292/26/1 291/26/1 290/26/1
f 293/26/1 291/26/1 292/26/1
f 296/26/1 295/26/1 294/26/1
f 297/26/1 295/26/1 296/26/1
f 300/26/1 299/26/1 298/26/1
f 301/26/1 299/26/1 300/26/1
f 304/26/1 303/26/1 302/26/1
f 305/26/1 303/26/1 304/26/1
f 308/9/1 307/9/1 306/9/1
f 309/9/1 307/9/1 308/9/1
f 312/26/1 311/26/1 310/26/1
f 313/26/1 311/26/1 312/26/1
f 318/9/1 315/9/1 314/9/1
f 319/9/1 315/9/1 318/9/1
f 320/17/1 317/17/1 316/17/1
f 321/17/1 317/17/1 320/17/1
f 325/26/1 323/26/1 322/26/1
f 325/13/1 324/13/1 323/13/1
f 326/13/1 324/13/1 325/13/1
f 327/26/1 325/26/1 322/26/1
f 327/26/1 326/26/1 325/26/1
f 328/26/1 326/26/1 327/26/1
f 331/26/1 330/26/1 329/26/1
f 332/26/1 330/26/1 331/26/1
f 335/26/1 334/26/1 333/26/1
f 336/26/1 334/26/1 335/26/1
f 341/26/1 338/26/1 337/26/1
f 342/26/1 338/26/1 341/26/1
f 343/26/1 340/26/1 339/26/1
f 344/26/1 340/26/1 343/26/1
f 347/26/1 346/26/1 345/26/1
f 348/26/1 346/26/1 347/26/1
f 351/26/1 350/26/1 349/26/1
f 352/26/1 350/26/1 351/26/1
f 353/26/2 354/26/2 355/26/2
f 355/26/2 354/26/2 356/26/2
f 357/26/2 358/26/2 360/26/2
f 358/13/2 359/13/2 360/13/2
f 360/13/2 359/13/2 361/13/2
f 357/26/2 360/26/2 362/26/2
f 360/26/2 361/26/2 362/26/2
f 362/26/2 361/26/2 363/26/2
f 364/26/2 365/26/2 366/26/2
f 366/26/2 365/26/2 367/26/2
f 368/26/2 369/26/2 370/26/2
f 370/26/2 369/26/2 371/26/2
f 372/26/2 373/26/2 374/26/2
f 374/26/2 373/26/2 375/26/2
f 376/26/2 377/26/2 384/26/2
f 384/26/2 377/26/2 385/26/2
f 378/1/2 379/1/2 386/1/2
f 379/5/2 380/5/2 387/5/2
f 386/1/2 379/1/2 387/1/2
f 387/5/2 380/5/2 388/5/2
f 382/8/2 383/8/2 389/8/2
f 381/8/2 382/8/2 389/8/2
f 389/8/2 383/8/2 390/8/2
f 391/26/2 392/26/2 393/26/2
f 393/26/2 392/26/2 394/26/2
f 395/1/2 396/1/2 402/1/2
f 402/1/2 396/1/2 403/1/2
f 397/1/2 398/1/2 404/1/2
f 398/5/2 399/5/2 405/5/2
f 404/1/2 398/1/2 405/1/2
f 399/8/2 400/8/2 406/8/2
f 405/5/2 399/5/2 406/5/2
f 400/7/2 401/7/2 407/7/2
f 406/8/2 400/8/2 407/8/2
f 407/7/2 401/7/2 408/7/2
f 409/1/2 410/1/2 411/1/2
f 411/1/2 410/1/2 412/1/2
f 413/5/2 414/5/2 416/5/2
f 414/7/2 415/7/2 417/7/2
f 416/5/2 414/5/2 417/5/2
f 417/7/2 415/7/2 418/7/2
f 419/1/2 420/1/2 421/1/2
f 421/1/2 420/1/2 422/1/2
f 423/13/2 424/13/2 425/13/2
f 425/13/2 424/13/2 426/13/2
f 426/13/2 424/13/2 427/13/2
f 427/13/2 424/13/2 428/13/2
f 425/13/2 426/13/2 429/13/2
f 429/13/2 426/13/2 430/13/2
f 427/13/2 428/13/2 431/13/2
f 431/13/2 428/13/2 432/13/2
f 433/1/2 434/1/2 435/1/2
f 435/1/2 434/1/2 436/1/2
f 437/26/2 438/26/2 439/26/2
f 439/26/2 438/26/2 440/26/2
f 441/26/2 442/26/2 443/26/2
f 443/26/2 442/26/2 444/26/2
f 445/5/2 446/5/2 448/5/2
f 446/7/2 447/7/2 449/7/2
f 448/5/2 446/5/2 449/5/2
f 449/7/2 447/7/2 450/7/2
f 451/26/2 452/26/2 453/26/2
f 453/26/2 452/26/2 454/26/2
f 455/26/2 456/26/2 457/26/2
f 457/26/2 456/26/2 458/26/2
f 459/9/2 460/9/2 463/9/2
f 463/9/2 460/9/2 464/9/2
f 461/17/2 462/17/2 465/17/2
f 465/17/2 462/17/2 466/17/2
f 467/26/2 468/26/2 469/26/2
f 469/26/2 468/26/2 470/26/2
f 472/17/2 473/17/2 474/17/2
f 471/17/2 472/17/2 474/17/2
f 474/17/2 473/17/2 475/17/2
f 476/26/2 477/26/2 478/26/2
f 478/26/2 477/26/2 479/26/2
f 480/26/2 481/26/2 482/26/2
f 482/26/2 481/26/2 483/26/2
f 483/26/2 484/26/2 486/26/2
f 486/26/2 484/26/2 487/26/2
f 485/26/2 486/26/2 490/26/2
f 490/26/2 486/26/2 491/26/2
f 488/26/2 489/26/2 492/26/2
f 492/26/2 489/26/2 493/26/2
f 494/26/2 495/26/2 496/26/2
f 496/26/2 495/26/2 497/26/2
f 498/13/2 499/13/2 514/13/2
f 514/13/2 499/13/2 515/13/2
f 500/13/2 501/13/2 516/13/2
f 516/13/2 501/13/2 517/13/2
f 502/13/2 503/13/2 518/13/2
f 518/13/2 503/13/2 519/13/2
f 504/13/2 505/13/2 520/13/2
f 520/13/2 505/13/2 521/13/2
f 506/13/2 507/13/2 522/13/2
f 522/13/2 507/13/2 523/13/2
f 508/13/2 509/13/2 524/13/2
f 524/13/2 509/13/2 525/13/2
f 510/13/2 511/13/2 526/13/2
f 526/13/2 511/13/2 527/13/2
f 512/13/2 513/13/2 528/13/2
f 528/13/2 513/13/2 529/13/2
f 530/26/2 531/26/2 532/26/2
f 532/26/2 531/26/2 533/26/2
f 534/26/2 535/26/2 540/26/2
f 540/26/2 535/26/2 541/26/2
f 536/26/2 537/26/2 542/26/2
f 542/26/2 537/26/2 543/26/2
f 538/3/2 539/3/2 544/3/2
f 544/3/2 539/3/2 545/3/2
f 546/26/2 547/26/2 567/26/2
f 567/26/2 547/26/2 568/26/2
f 568/26/2 547/26/2 569/26/2
f 548/26/2 549/26/2 570/26/2
f 570/26/2 549/26/2 571/26/2
f 550/26/2 551/26/2 572/26/2
f 572/26/2 551/26/2 573/26/2
f 552/26/2 553/26/2 574/26/2
f 574/26/2 553/26/2 575/26/2
f 554/26/2 555/26/2 576/26/2
f 576/26/2 555/26/2 577/26/2
f 556/26/2 557/26/2 578/26/2
f 578/26/2 557/26/2 579/26/2
f 558/26/2 559/26/2 580/26/2
f 580/26/2 559/26/2 581/26/2
f 560/26/2 561/26/2 582/26/2
f 582/26/2 561/26/2 583/26/2
f 562/26/2 563/26/2 584/26/2
f 584/26/2 563/26/2 585/26/2
f 564/26/2 565/26/2 586/26/2
f 565/3/2 566/3/2 587/3/2
f 586/26/2 565/26/2 587/26/2
f 587/3/2 566/3/2 588/3/2
f 569/3/2 570/3/2 589/3/2
f 589/3/2 570/3/2 590/3/2
f 571/3/2 572/3/2 591/3/2
f 591/3/2 572/3/2 592/3/2
f 573/3/2 574/3/2 593/3/2
f 593/3/2 574/3/2 594/3/2
f 575/3/2 576/3/2 595/3/2
f 595/3/2 576/3/2 596/3/2
f 577/3/2 578/3/2 597/3/2
f 597/3/2 578/3/2 598/3/2
f 579/26/2 580/26/2 599/26/2
f 599/26/2 580/26/2 600/26/2
f 581/26/2 582/26/2 601/26/2
f 601/26/2 582/26/2 602/26/2
f 583/26/2 584/26/2 603/26/2
f 603/26/2 584/26/2 604/26/2
f 585/26/2 586/26/2 605/26/2
f 605/26/2 586/26/2 606/26/2
f 607/26/2 608/26/2 609/26/2
f 609/26/2 608/26/2 610/26/2
f 611/26/2 612/26/2 613/26/2
f 613/26/2 612/26/2 614/26/2
f 615/9/2 616/9/2 619/9/2
f 619/9/2 616/9/2 620/9/2
f 617/17/2 618/17/2 621/17/2
f 621/17/2 618/17/2 622/17/2
f 623/26/2 624/26/2 625/26/2
f 625/26/2 624/26/2 626/26/2
f 626/26/2 627/26/2 629/26/2
f 629/26/2 627/26/2 630/26/2
f 628/26/2 629/26/2 633/26/2
f 633/26/2 629/26/2 634/26/2
f 631/26/2 632/26/2 635/26/2
f 635/26/2 632/26/2 636/26/2
f 637/17/2 638/17/2 639/17/2
f 639/17/2 638/17/2 640/17/2
f 641/26/2 642/26/2 643/26/2
f 643/26/2 642/26/2 644/26/2
f 644/26/2 645/26/2 647/26/2
f 647/26/2 645/26/2 648/26/2
f 646/26/2 647/26/2 649/26/2
f 649/26/2 647/26/2 650/26/2
f 653/26/2 654/26/2 675/26/2
f 669/26/2 670/26/2 676/26/2
f 671/26/2 672/26/2 677/26/2
f 673/26/2 674/26/2 678/26/2
f 675/26/2 654/26/2 679/26/2
f 679/26/2 654/26/2 680/26/2
f 651/26/2 652/26/2 681/26/2
f 681/26/2 652/26/2 682/26/2
f 655/3/2 656/3/2 684/3/2
f 684/3/2 656/3/2 685/3/2
f 657/3/2 658/3/2 686/3/2
f 686/3/2 658/3/2 687/3/2
f 659/3/2 660/3/2 688/3/2
f 688/3/2 660/3/2 689/3/2
f 661/3/2 662/3/2 690/3/2
f 690/3/2 662/3/2 691/3/2
f 663/3/2 664/3/2 692/3/2
f 692/3/2 664/3/2 693/3/2
f 665/26/2 666/26/2 694/26/2
f 694/26/2 666/26/2 695/26/2
f 667/26/2 668/26/2 696/26/2
f 696/26/2 668/26/2 697/26/2
f 669/26/2 676/26/2 698/26/2
f 698/26/2 676/26/2 699/26/2
f 677/26/2 672/26/2 700/26/2
f 700/26/2 672/26/2 701/26/2
f 678/26/2 674/26/2 703/26/2
f 703/26/2 674/26/2 704/26/2
f 679/4/2 680/4/2 706/4/2
f 706/4/2 680/4/2 707/4/2
f 698/26/2 699/26/2 709/26/2
f 705/26/2 706/26/2 709/26/2
f 682/26/2 683/26/2 709/26/2
f 703/26/2 704/26/2 709/26/2
f 702/26/2 703/26/2 709/26/2
f 684/26/2 685/26/2 709/26/2
f 700/26/2 701/26/2 709/26/2
f 699/26/2 700/26/2 709/26/2
f 686/26/2 687/26/2 709/26/2
f 697/26/2 698/26/2 709/26/2
f 688/26/2 689/26/2 709/26/2
f 695/26/2 696/26/2 709/26/2
f 690/26/2 691/26/2 709/26/2
f 693/26/2 694/26/2 709/26/2
f 692/26/2 693/26/2 709/26/2
f 691/26/2 692/26/2 709/26/2
f 694/26/2 695/26/2 709/26/2
f 689/26/2 690/26/2 709/26/2
f 701/26/2 702/26/2 709/26/2
f 687/26/2 688/26/2 709/26/2
f 696/26/2 697/26/2 709/26/2
f 685/26/2 686/26/2 709/26/2
f 704/26/2 705/26/2 709/26/2
f 683/26/2 684/26/2 709/26/2
f 709/26/2 706/26/2 710/26/2
f 710/26/2 706/26/2 711/26/2
f 711/26/2 706/26/2 712/26/2
f 712/26/2 706/26/2 713/26/2
f 713/26/2 706/26/2 714/26/2
f 714/26/2 706/26/2 715/26/2
f 715/26/2 706/26/2 716/26/2
f 713/26/2 714/26/2 718/26/2
f 718/26/2 714/26/2 719/26/2
f 708/26/2 709/26/2 720/26/2
f 720/26/2 709/26/2 721/26/2
f 716/4/2 717/4/2 722/4/2
f 722/4/2 717/4/2 723/4/2
f 743/26/2 744/26/2 745/26/2
f 745/26/2 744/26/2 746/26/2
f 743/26/2 745/26/2 747/26/2
f 747/26/2 745/26/2 748/26/2
f 746/26/2 744/26/2 749/26/2
f 749/26/2 744/26/2 750/26/2
f 741/26/2 742/26/2 751/26/2
f 751/26/2 742/26/2 752/26/2
f 743/26/2 747/26/2 753/26/2
f 753/26/2 747/26/2 754/26/2
f 746/26/2 749/26/2 755/26/2
f 755/26/2 749/26/2 756/26/2
f 749/4/2 750/4/2 757/4/2
f 756/26/2 749/26/2 757/26/2
f 724/26/2 725/26/2 758/26/2
f 725/3/2 726/3/2 759/3/2
f 758/26/2 725/26/2 759/26/2
f 759/3/2 726/3/2 760/3/2
f 727/3/2 728/3/2 761/3/2
f 761/3/2 728/3/2 762/3/2
f 729/3/2 730/3/2 763/3/2
f 763/3/2 730/3/2 764/3/2
f 731/3/2 732/3/2 765/3/2
f 765/3/2 732/3/2 766/3/2
f 733/3/2 734/3/2 767/3/2
f 767/3/2 734/3/2 768/3/2
f 735/26/2 736/26/2 769/26/2
f 769/26/2 736/26/2 770/26/2
f 737/26/2 738/26/2 771/26/2
f 771/26/2 738/26/2 772/26/2
f 739/26/2 740/26/2 773/26/2
f 773/26/2 740/26/2 774/26/2
f 751/4/2 752/4/2 775/4/2
f 775/4/2 752/4/2 776/4/2
f 743/26/2 753/26/2 777/26/2
f 753/4/2 754/4/2 778/4/2
f 777/26/2 753/26/2 778/26/2
f 778/4/2 754/4/2 779/4/2
f 748/26/2 745/26/2 780/26/2
f 780/26/2 745/26/2 781/26/2
f 755/26/2 756/26/2 782/26/2
f 756/4/2 757/4/2 783/4/2
f 782/26/2 756/26/2 783/26/2
f 757/4/2 750/4/2 784/4/2
f 783/4/2 757/4/2 784/4/2
f 785/26/2 786/26/2 793/26/2
f 793/26/2 786/26/2 794/26/2
f 787/26/2 788/26/2 795/26/2
f 788/4/2 789/4/2 796/4/2
f 795/26/2 788/26/2 796/26/2
f 785/26/2 793/26/2 797/26/2
f 793/4/2 794/4/2 798/4/2
f 797/26/2 793/26/2 798/26/2
f 794/26/2 786/26/2 799/26/2
f 798/4/2 794/4/2 799/4/2
f 786/3/2 787/3/2 800/3/2
f 799/26/2 786/26/2 800/26/2
f 787/26/2 795/26/2 801/26/2
f 800/3/2 787/3/2 801/3/2
f 795/4/2 796/4/2 802/4/2
f 801/26/2 795/26/2 802/26/2
f 796/4/2 789/4/2 803/4/2
f 802/4/2 796/4/2 803/4/2
f 790/26/2 791/26/2 804/26/2
f 791/4/2 792/4/2 805/4/2
f 804/26/2 791/26/2 805/26/2
f 805/4/2 792/4/2 806/4/2
f 807/26/2 808/26/2 809/26/2
f 809/26/2 808/26/2 810/26/2
f 807/26/2 809/26/2 811/26/2
f 809/4/2 810/4/2 812/4/2
f 811/26/2 809/26/2 812/26/2
f 812/4/2 810/4/2 813/4/2
f 819/3/3 815/3/3 814/3/3
f 820/26/3 816/26/3 815/26/3
f 820/3/3 815/3/3 819/3/3
f 821/26/3 820/26/3 819/26/3
f 822/26/3 816/26/3 820/26/3
f 822/26/3 820/26/3 821/26/3
f 823/26/3 818/26/3 817/26/3
f 824/26/3 818/26/3 823/26/3
f 828/26/3 826/26/3 825/26/3
f 829/26/3 826/26/3 828/26/3
f 831/26/3 828/26/3 827/26/3
f 832/26/3 828/26/3 831/26/3
f 833/26/3 830/26/3 829/26/3
f 834/26/3 830/26/3 833/26/3
f 838/26/3 836/26/3 835/26/3
f 839/26/3 836/26/3 838/26/3
f 841/26/3 838/26/3 837/26/3
f 841/26/3 840/26/3 839/26/3
f 841/26/3 839/26/3 838/26/3
f 842/26/3 840/26/3 841/26/3
f 843/26/3 841/26/3 837/26/3
f 844/26/3 841/26/3 843/26/3
f 845/26/3 840/26/3 842/26/3
f 846/26/3 840/26/3 845/26/3
f 849/26/3 848/26/3 847/26/3
f 850/26/3 848/26/3 849/26/3
f 854/26/3 852/26/3 851/26/3
f 855/26/3 852/26/3 854/26/3
f 857/26/3 854/26/3 853/26/3
f 858/26/3 854/26/3 857/26/3
f 859/26/3 856/26/3 855/26/3
f 860/26/3 856/26/3 859/26/3
f 863/26/3 862/26/3 861/26/3
f 864/26/3 862/26/3 863/26/3
f 865/3/3 864/3/3 863/3/3
f 866/3/3 864/3/3 865/3/3
f 869/26/3 868/26/3 867/26/3
f 870/26/3 868/26/3 869/26/3
f 871/26/3 866/26/3 865/26/3
f 872/26/3 866/26/3 871/26/3
f 876/26/3 874/26/3 873/26/3
f 877/26/3 874/26/3 876/26/3
f 879/26/3 876/26/3 875/26/3
f 880/26/3 876/26/3 879/26/3
f 881/26/3 878/26/3 877/26/3
f 882/26/3 878/26/3 881/26/3
f 885/13/3 884/13/3 883/13/3
f 888/26/3 887/26/3 886/26/3
f 889/26/3 887/26/3 888/26/3
f 890/13/3 885/13/3 883/13/3
f 893/26/3 892/26/3 891/26/3
f 894/26/3 892/26/3 893/26/3
f 895/13/3 890/13/3 883/13/3
f 896/13/3 890/13/3 895/13/3
f 899/26/3 898/26/3 897/26/3
f 900/26/3 898/26/3 899/26/3
f 903/26/3 902/26/3 901/26/3
f 904/26/3 902/26/3 903/26/3
f 908/26/3 906/26/3 905/26/3
f 909/26/3 906/26/3 908/26/3
f 911/26/3 908/26/3 907/26/3
f 912/26/3 908/26/3 911/26/3
f 913/26/3 910/26/3 909/26/3
f 914/26/3 910/26/3 913/26/3
f 917/1/3 916/1/3 915/1/3
f 918/1/3 916/1/3 917/1/3
f 921/1/3 920/1/3 919/1/3
f 922/1/3 920/1/3 921/1/3
f 925/26/3 924/26/3 923/26/3
f 926/26/3 924/26/3 925/26/3
f 929/26/3 928/26/3 927/26/3
f 930/26/3 928/26/3 929/26/3
f 933/5/3 932/5/3 931/5/3
f 934/5/3 932/5/3 933/5/3
f 935/1/3 934/1/3 933/1/3
f 936/1/3 934/1/3 935/1/3
f 939/5/3 938/5/3 937/5/3
f 940/5/3 938/5/3 939/5/3
f 941/1/3 940/1/3 939/1/3
f 942/1/3 940/1/3 941/1/3
f 945/26/3 944/26/3 943/26/3
f 946/26/3 944/26/3 945/26/3
f 949/5/3 948/5/3 947/5/3
f 950/5/3 948/5/3 949/5/3
f 953/5/3 952/5/3 951/5/3
f 954/5/3 952/5/3 953/5/3
f 957/26/3 956/26/3 955/26/3
f 958/26/3 956/26/3 957/26/3
f 961/26/3 960/26/3 959/26/3
f 962/26/3 960/26/3 961/26/3
f 964/26/3 961/26/3 959/26/3
f 965/26/3 961/26/3 964/26/3
f 967/26/3 964/26/3 963/26/3
f 968/26/3 964/26/3 967/26/3
f 969/13/3 967/13/3 966/13/3
f 969/13/3 968/13/3 967/13/3
f 970/13/3 968/13/3 969/13/3
f 971/26/3 970/26/3 969/26/3
f 972/26/3 970/26/3 971/26/3
f 973/3/3 972/3/3 971/3/3
f 974/3/3 972/3/3 973/3/3
f 975/26/3 974/26/3 973/26/3
f 976/26/3 974/26/3 975/26/3
f 977/13/3 976/13/3 975/13/3
f 978/13/3 976/13/3 977/13/3
f 979/13/3 976/13/3 978/13/3
f 980/26/3 979/26/3 978/26/3
f 981/26/3 979/26/3 980/26/3
f 983/3/3 982/3/3 981/3/3
f 985/3/3 983/3/3 981/3/3
f 985/3/3 984/3/3 983/3/3
f 986/3/3 984/3/3 985/3/3
f 989/26/3 988/26/3 987/26/3
f 990/26/3 988/26/3 989/26/3
f 992/26/3 989/26/3 987/26/3
f 993/26/3 989/26/3 992/26/3
f 995/26/3 992/26/3 991/26/3
f 996/26/3 992/26/3 995/26/3
f 997/13/3 995/13/3 994/13/3
f 997/13/3 996/13/3 995/13/3
f 998/13/3 996/13/3 997/13/3
f 999/26/3 998/26/3 997/26/3
f 1000/26/3 998/26/3 999/26/3
f 1001/3/3 1000/3/3 999/3/3
f 1002/3/3 1000/3/3 1001/3/3
f 1003/26/3 1002/26/3 1001/26/3
f 1004/26/3 1002/26/3 1003/26/3
f 1005/13/3 1004/13/3 1003/13/3
f 1006/13/3 1004/13/3 1005/13/3
f 1007/13/3 1004/13/3 1006/13/3
f 1008/26/3 1007/26/3 1006/26/3
f 1009/26/3 1007/26/3 1008/26/3
f 1011/3/3 1010/3/3 1009/3/3
f 1013/3/3 1011/3/3 1009/3/3
f 1013/3/3 1012/3/3 1011/3/3
f 1014/3/3 1012/3/3 1013/3/3
f 1017/1/3 1016/1/3 1015/1/3
f 1018/1/3 1016/1/3 1017/1/3
f 1021/26/3 1020/26/3 1019/26/3
f 1022/26/3 1020/26/3 1021/26/3
f 1024/26/3 1021/26/3 1019/26/3
f 1025/26/3 1021/26/3 1024/26/3
f 1027/26/3 1024/26/3 1023/26/3
f 1028/26/3 1024/26/3 1027/26/3
f 1029/13/3 1027/13/3 1026/13/3
f 1029/13/3 1028/13/3 1027/13/3
f 1030/13/3 1028/13/3 1029/13/3
f 1031/26/3 1030/26/3 1029/26/3
f 1032/26/3 1030/26/3 1031/26/3
f 1033/13/3 1032/13/3 1031/13/3
f 1034/13/3 1032/13/3 1033/13/3
f 1035/13/3 1032/13/3 1034/13/3
f 1036/26/3 1035/26/3 1034/26/3
f 1037/26/3 1035/26/3 1036/26/3
f 1039/3/3 1038/3/3 1037/3/3
f 1041/3/3 1039/3/3 1037/3/3
f 1041/3/3 1040/3/3 1039/3/3
f 1042/3/3 1040/3/3 1041/3/3
f 1045/9/3 1044/9/3 1043/9/3
f 1046/9/3 1044/9/3 1045/9/3
f 1049/26/3 1048/26/3 1047/26/3
f 1050/26/3 1048/26/3 1049/26/3
f 1054/26/3 1049/26/3 1047/26/3
f 1055/26/3 1049/26/3 1054/26/3
f 1056/1/3 1052/1/3 1051/1/3
f 1058/26/3 1054/26/3 1053/26/3
f 1059/26/3 1054/26/3 1058/26/3
f 1060/13/3 1058/13/3 1057/13/3
f 1060/13/3 1059/13/3 1058/13/3
f 1061/13/3 1059/13/3 1060/13/3
f 1062/1/3 1052/1/3 1056/1/3
f 1063/1/3 1052/1/3 1062/1/3
f 1066/1/3 1065/1/3 1064/1/3
f 1067/1/3 1065/1/3 1066/1/3
f 1068/1/3 1065/1/3 1067/1/3
f 1071/9/3 1070/9/3 1069/9/3
f 1072/9/3 1070/9/3 1071/9/3
f 1075/17/3 1074/17/3 1073/17/3
f 1076/17/3 1074/17/3 1075/17/3
f 1077/26/3 1061/26/3 1060/26/3
f 1078/26/3 1061/26/3 1077/26/3
f 1079/13/3 1078/13/3 1077/13/3
f 1080/13/3 1078/13/3 1079/13/3
f 1081/13/3 1078/13/3 1080/13/3
f 1082/26/3 1081/26/3 1080/26/3
f 1083/26/3 1081/26/3 1082/26/3
f 1085/3/3 1084/3/3 1083/3/3
f 1087/3/3 1085/3/3 1083/3/3
f 1087/3/3 1086/3/3 1085/3/3
f 1088/3/3 1086/3/3 1087/3/3
f 1091/26/3 1090/26/3 1089/26/3
f 1092/26/3 1090/26/3 1091/26/3
f 1094/26/3 1091/26/3 1089/26/3
f 1095/26/3 1091/26/3 1094/26/3
f 1097/26/3 1094/26/3 1093/26/3
f 1098/26/3 1094/26/3 1097/26/3
f 1099/13/3 1097/13/3 1096/13/3
f 1099/13/3 1098/13/3 1097/13/3
f 1100/13/3 1098/13/3 1099/13/3
f 1101/26/3 1100/26/3 1099/26/3
f 1102/26/3 1100/26/3 1101/26/3
f 1103/13/3 1102/13/3 1101/13/3
f 1104/13/3 1102/13/3 1103/13/3
f 1105/13/3 1102/13/3 1104/13/3
f 1106/26/3 1105/26/3 1104/26/3
f 1107/26/3 1105/26/3 1106/26/3
f 1109/26/3 1108/26/3 1107/26/3
f 1111/26/3 1109/26/3 1107/26/3
f 1111/26/3 1110/26/3 1109/26/3
f 1112/26/3 1110/26/3 1111/26/3
f 1115/9/3 1114/9/3 1113/9/3
f 1116/9/3 1114/9/3 1115/9/3
f 1119/26/3 1118/26/3 1117/26/3
f 1120/26/3 1118/26/3 1119/26/3
f 1122/26/3 1119/26/3 1117/26/3
f 1123/26/3 1119/26/3 1122/26/3
f 1125/26/3 1122/26/3 1121/26/3
f 1126/26/3 1122/26/3 1125/26/3
f 1127/13/3 1125/13/3 1124/13/3
f 1127/13/3 1126/13/3 1125/13/3
f 1128/13/3 1126/13/3 1127/13/3
f 1131/9/3 1130/9/3 1129/9/3
f 1132/9/3 1130/9/3 1131/9/3
f 1133/26/3 1128/26/3 1127/26/3
f 1134/26/3 1128/26/3 1133/26/3
f 1135/13/3 1134/13/3 1133/13/3
f 1136/13/3 1134/13/3 1135/13/3
f 1137/13/3 1134/13/3 1136/13/3
f 1138/26/3 1137/26/3 1136/26/3
f 1139/26/3 1137/26/3 1138/26/3
f 1143/17/3 1142/17/3 1141/17/3
f 1144/17/3 1142/17/3 1143/17/3
f 1145/26/3 1140/26/3 1139/26/3
f 1147/26/3 1145/26/3 1139/26/3
f 1147/26/3 1146/26/3 1145/26/3
f 1148/26/3 1146/26/3 1147/26/3
f 1151/26/3 1150/26/3 1149/26/3
f 1152/26/3 1150/26/3 1151/26/3
f 1154/26/3 1151/26/3 1149/26/3
f 1155/26/3 1151/26/3 1154/26/3
f 1157/26/3 1154/26/3 1153/26/3
f 1158/26/3 1154/26/3 1157/26/3
f 1159/26/3 1158/26/3 1157/26/3
f 1160/13/3 1157/13/3 1156/13/3
f 1160/26/3 1159/26/3 1157/26/3
f 1161/26/3 1159/26/3 1160/26/3
f 1162/13/3 1160/13/3 1156/13/3
f 1162/13/3 1161/13/3 1160/13/3
f 1163/13/3 1161/13/3 1162/13/3
f 1164/13/3 1162/13/3 1156/13/3
f 1164/26/3 1163/26/3 1162/26/3
f 1165/26/3 1163/26/3 1164/26/3
f 1166/13/3 1164/13/3 1156/13/3
f 1166/13/3 1165/13/3 1164/13/3
f 1167/13/3 1165/13/3 1166/13/3
f 1168/26/3 1167/26/3 1166/26/3
f 1169/13/3 1166/13/3 1156/13/3
f 1170/26/3 1168/26/3 1166/26/3
f 1170/13/3 1166/13/3 1169/13/3
f 1171/26/3 1168/26/3 1170/26/3
f 1172/26/3 1171/26/3 1170/26/3
f 1173/26/3 1171/26/3 1172/26/3
f 1175/26/3 1174/26/3 1173/26/3
f 1177/26/3 1175/26/3 1173/26/3
f 1177/26/3 1176/26/3 1175/26/3
f 1178/26/3 1176/26/3 1177/26/3
f 1181/26/3 1180/26/3 1179/26/3
f 1182/26/3 1180/26/3 1181/26/3
f 1184/26/3 1181/26/3 1179/26/3
f 1185/26/3 1181/26/3 1184/26/3
f 1186/26/3 1184/26/3 1183/26/3
f 1187/26/3 1184/26/3 1186/26/3
f 1190/26/3 1189/26/3 1188/26/3
f 1191/26/3 1189/26/3 1190/26/3
f 1193/26/3 1192/26/3 1191/26/3
f 1196/26/3 1193/26/3 1191/26/3
f 1196/26/3 1194/26/3 1193/26/3
f 1197/4/3 1195/4/3 1194/4/3
f 1197/26/3 1194/26/3 1196/26/3
f 1198/4/3 1195/4/3 1197/4/3
f 1201/26/3 1200/26/3 1199/26/3
f 1202/26/3 1200/26/3 1201/26/3
f 1204/26/3 1201/26/3 1199/26/3
f 1205/26/3 1201/26/3 1204/26/3
f 1206/26/3 1204/26/3 1203/26/3
f 1207/26/3 1204/26/3 1206/26/3
f 1210/26/3 1209/26/3 1208/26/3
f 1211/26/3 1209/26/3 1210/26/3
f 1213/26/3 1212/26/3 1211/26/3
f 1215/26/3 1213/26/3 1211/26/3
f 1215/26/3 1214/26/3 1213/26/3
f 1216/26/3 1214/26/3 1215/26/3
f 1219/26/3 1218/26/3 1217/26/3
f 1220/26/3 1218/26/3 1219/26/3
f 1223/26/3 1222/26/3 1221/26/3
f 1224/26/3 1222/26/3 1223/26/3
f 1227/26/3 1226/26/3 1225/26/3
f 1228/26/3 1226/26/3 1227/26/3
f 1231/26/3 1230/26/3 1229/26/3
f 1232/26/3 1230/26/3 1231/26/3
f 1233/3/3 1232/3/3 1231/3/3
f 1234/3/3 1232/3/3 1233/3/3
f 1238/26/3 1236/26/3 1235/26/3
f 1239/26/3 1238/26/3 1237/26/3
f 1240/26/3 1236/26/3 1238/26/3
f 1240/26/3 1238/26/3 1239/26/3
f 1243/26/3 1242/26/3 1241/26/3
f 1244/26/3 1242/26/3 1243/26/3
f 1247/26/3 1246/26/3 1245/26/3
f 1248/26/3 1246/26/3 1247/26/3
f 1251/26/3 1250/26/3 1249/26/3
f 1252/26/3 1250/26/3 1251/26/3
f 1255/26/3 1254/26/3 1253/26/3
f 1256/26/3 1254/26/3 1255/26/3
f 1257/26/4 1258/26/4 1259/26/4
f 1259/26/4 1258/26/4 1260/26/4
f 1261/26/4 1262/26/4 1263/26/4
f 1263/26/4 1262/26/4 1264/26/4
f 1265/26/4 1266/26/4 1267/26/4
f 1267/26/4 1266/26/4 1268/26/4
f 1269/26/4 1270/26/4 1271/26/4
f 1271/26/4 1270/26/4 1272/26/4
f 1273/26/4 1274/26/4 1275/26/4
f 1275/26/4 1274/26/4 1276/26/4
f 1277/26/4 1278/26/4 1279/26/4
f 1279/26/4 1278/26/4 1280/26/4
f 1281/26/4 1282/26/4 1283/26/4
f 1283/26/4 1282/26/4 1284/26/4
f 1285/26/4 1286/26/4 1287/26/4
f 1287/26/4 1286/26/4 1288/26/4
f 1289/26/4 1290/26/4 1291/26/4
f 1291/26/4 1290/26/4 1292/26/4
f 1293/26/4 1294/26/4 1295/26/4
f 1295/26/4 1294/26/4 1296/26/4
f 1297/1/4 1298/1/4 1299/1/4
f 1299/1/4 1298/1/4 1300/1/4
f 1299/5/4 1300/5/4 1301/5/4
f 1301/5/4 1300/5/4 1302/5/4
f 1303/1/4 1304/1/4 1305/1/4
f 1305/1/4 1304/1/4 1306/1/4
f 1305/5/4 1306/5/4 1307/5/4
f 1307/5/4 1306/5/4 1308/5/4
f 1309/5/4 1310/5/4 1311/5/4
f 1311/5/4 1310/5/4 1312/5/4
f 1313/5/4 1314/5/4 1315/5/4
f 1315/5/4 1314/5/4 1316/5/4
f 1317/26/4 1318/26/4 1319/26/4
f 1319/26/4 1318/26/4 1320/26/4
f 1317/26/4 1319/26/4 1322/26/4
f 1322/26/4 1319/26/4 1323/26/4
f 1321/26/4 1322/26/4 1325/26/4
f 1325/26/4 1322/26/4 1326/26/4
f 1324/13/4 1325/13/4 1327/13/4
f 1325/13/4 1326/13/4 1327/13/4
f 1327/13/4 1326/13/4 1328/13/4
f 1327/26/4 1328/26/4 1331/26/4
f 1331/26/4 1328/26/4 1332/26/4
f 1329/5/4 1330/5/4 1333/5/4
f 1333/5/4 1330/5/4 1334/5/4
f 1333/7/4 1334/7/4 1335/7/4
f 1335/7/4 1334/7/4 1336/7/4
f 1337/5/4 1338/5/4 1339/5/4
f 1339/5/4 1338/5/4 1340/5/4
f 1339/7/4 1340/7/4 1341/7/4
f 1341/7/4 1340/7/4 1342/7/4
f 1331/3/4 1332/3/4 1343/3/4
f 1343/3/4 1332/3/4 1344/3/4
f 1343/26/4 1344/26/4 1345/26/4
f 1345/26/4 1344/26/4 1346/26/4
f 1345/13/4 1346/13/4 1347/13/4
f 1347/13/4 1346/13/4 1348/13/4
f 1348/13/4 1346/13/4 1349/13/4
f 1348/26/4 1349/26/4 1350/26/4
f 1350/26/4 1349/26/4 1351/26/4
f 1351/3/4 1352/3/4 1353/3/4
f 1351/3/4 1353/3/4 1355/3/4
f 1353/3/4 1354/3/4 1355/3/4
f 1355/3/4 1354/3/4 1356/3/4
f 1357/26/4 1358/26/4 1359/26/4
f 1359/26/4 1358/26/4 1360/26/4
f 1357/26/4 1359/26/4 1362/26/4
f 1362/26/4 1359/26/4 1363/26/4
f 1361/26/4 1362/26/4 1365/26/4
f 1365/26/4 1362/26/4 1366/26/4
f 1364/13/4 1365/13/4 1367/13/4
f 1365/13/4 1366/13/4 1367/13/4
f 1367/13/4 1366/13/4 1368/13/4
f 1367/26/4 1368/26/4 1369/26/4
f 1369/26/4 1368/26/4 1370/26/4
f 1369/3/4 1370/3/4 1371/3/4
f 1371/3/4 1370/3/4 1372/3/4
f 1371/26/4 1372/26/4 1373/26/4
f 1373/26/4 1372/26/4 1374/26/4
f 1373/13/4 1374/13/4 1375/13/4
f 1375/13/4 1374/13/4 1376/13/4
f 1376/13/4 1374/13/4 1377/13/4
f 1376/26/4 1377/26/4 1378/26/4
f 1378/26/4 1377/26/4 1379/26/4
f 1379/3/4 1380/3/4 1381/3/4
f 1379/3/4 1381/3/4 1383/3/4
f 1381/3/4 1382/3/4 1383/3/4
f 1383/3/4 1382/3/4 1384/3/4
f 1385/26/4 1386/26/4 1387/26/4
f 1387/26/4 1386/26/4 1388/26/4
f 1385/26/4 1387/26/4 1390/26/4
f 1390/26/4 1387/26/4 1391/26/4
f 1389/26/4 1390/26/4 1393/26/4
f 1393/26/4 1390/26/4 1394/26/4
f 1392/13/4 1393/13/4 1395/13/4
f 1393/13/4 1394/13/4 1395/13/4
f 1395/13/4 1394/13/4 1396/13/4
f 1395/26/4 1396/26/4 1397/26/4
f 1397/26/4 1396/26/4 1398/26/4
f 1397/3/4 1398/3/4 1399/3/4
f 1399/3/4 1398/3/4 1400/3/4
f 1399/26/4 1400/26/4 1401/26/4
f 1401/26/4 1400/26/4 1402/26/4
f 1401/13/4 1402/13/4 1403/13/4
f 1403/13/4 1402/13/4 1404/13/4
f 1404/13/4 1402/13/4 1405/13/4
f 1404/26/4 1405/26/4 1406/26/4
f 1406/26/4 1405/26/4 1407/26/4
f 1407/3/4 1408/3/4 1409/3/4
f 1407/3/4 1409/3/4 1411/3/4
f 1409/3/4 1410/3/4 1411/3/4
f 1411/3/4 1410/3/4 1412/3/4
f 1413/26/4 1414/26/4 1415/26/4
f 1415/26/4 1414/26/4 1416/26/4
f 1413/26/4 1415/26/4 1418/26/4
f 1418/26/4 1415/26/4 1419/26/4
f 1417/26/4 1418/26/4 1421/26/4
f 1421/26/4 1418/26/4 1422/26/4
f 1420/13/4 1421/13/4 1423/13/4
f 1421/13/4 1422/13/4 1423/13/4
f 1423/13/4 1422/13/4 1424/13/4
f 1423/26/4 1424/26/4 1425/26/4
f 1425/26/4 1424/26/4 1426/26/4
f 1425/13/4 1426/13/4 1427/13/4
f 1427/13/4 1426/13/4 1428/13/4
f 1428/13/4 1426/13/4 1429/13/4
f 1428/26/4 1429/26/4 1430/26/4
f 1430/26/4 1429/26/4 1431/26/4
f 1431/3/4 1432/3/4 1433/3/4
f 1431/3/4 1433/3/4 1435/3/4
f 1433/3/4 1434/3/4 1435/3/4
f 1435/3/4 1434/3/4 1436/3/4
f 1437/26/4 1438/26/4 1439/26/4
f 1439/26/4 1438/26/4 1440/26/4
f 1437/26/4 1439/26/4 1442/26/4
f 1442/26/4 1439/26/4 1443/26/4
f 1441/26/4 1442/26/4 1445/26/4
f 1445/26/4 1442/26/4 1446/26/4
f 1444/13/4 1445/13/4 1447/13/4
f 1445/13/4 1446/13/4 1447/13/4
f 1447/13/4 1446/13/4 1448/13/4
f 1447/26/4 1448/26/4 1449/26/4
f 1449/26/4 1448/26/4 1450/26/4
f 1449/13/4 1450/13/4 1451/13/4
f 1451/13/4 1450/13/4 1452/13/4
f 1452/13/4 1450/13/4 1453/13/4
f 1452/26/4 1453/26/4 1454/26/4
f 1454/26/4 1453/26/4 1455/26/4
f 1455/3/4 1456/3/4 1457/3/4
f 1455/3/4 1457/3/4 1459/3/4
f 1457/3/4 1458/3/4 1459/3/4
f 1459/3/4 1458/3/4 1460/3/4
f 1461/26/4 1462/26/4 1463/26/4
f 1463/26/4 1462/26/4 1464/26/4
f 1461/26/4 1463/26/4 1466/26/4
f 1466/26/4 1463/26/4 1467/26/4
f 1465/26/4 1466/26/4 1469/26/4
f 1469/26/4 1466/26/4 1470/26/4
f 1468/13/4 1469/13/4 1471/13/4
f 1469/13/4 1470/13/4 1471/13/4
f 1471/13/4 1470/13/4 1472/13/4
f 1473/9/4 1474/9/4 1475/9/4
f 1475/9/4 1474/9/4 1476/9/4
f 1477/17/4 1478/17/4 1479/17/4
f 1479/17/4 1478/17/4 1480/17/4
f 1471/26/4 1472/26/4 1481/26/4
f 1481/26/4 1472/26/4 1482/26/4
f 1481/13/4 1482/13/4 1483/13/4
f 1483/13/4 1482/13/4 1484/13/4
f 1484/13/4 1482/13/4 1485/13/4
f 1484/26/4 1485/26/4 1486/26/4
f 1486/26/4 1485/26/4 1487/26/4
f 1487/26/4 1488/26/4 1489/26/4
f 1487/26/4 1489/26/4 1491/26/4
f 1489/26/4 1490/26/4 1491/26/4
f 1491/26/4 1490/26/4 1492/26/4
f 1493/17/4 1494/17/4 1495/17/4
f 1495/17/4 1494/17/4 1496/17/4
f 1496/17/4 1494/17/4 1497/17/4
f 1498/26/4 1499/26/4 1500/26/4
f 1500/26/4 1499/26/4 1501/26/4
f 1498/26/4 1500/26/4 1505/26/4
f 1505/26/4 1500/26/4 1506/26/4
f 1502/1/4 1503/1/4 1507/1/4
f 1507/1/4 1503/1/4 1508/1/4
f 1504/26/4 1505/26/4 1510/26/4
f 1510/26/4 1505/26/4 1511/26/4
f 1509/13/4 1510/13/4 1512/13/4
f 1510/13/4 1511/13/4 1512/13/4
f 1512/13/4 1511/13/4 1513/13/4
f 1507/5/4 1508/5/4 1514/5/4
f 1514/5/4 1508/5/4 1515/5/4
f 1516/8/4 1517/8/4 1518/8/4
f 1518/8/4 1517/8/4 1519/8/4
f 1518/7/4 1519/7/4 1520/7/4
f 1520/7/4 1519/7/4 1521/7/4
f 1512/26/4 1513/26/4 1522/26/4
f 1522/26/4 1513/26/4 1523/26/4
f 1522/13/4 1523/13/4 1524/13/4
f 1524/13/4 1523/13/4 1525/13/4
f 1525/13/4 1523/13/4 1526/13/4
f 1525/26/4 1526/26/4 1527/26/4
f 1527/26/4 1526/26/4 1528/26/4
f 1528/26/4 1529/26/4 1530/26/4
f 1528/26/4 1530/26/4 1532/26/4
f 1530/26/4 1531/26/4 1532/26/4
f 1532/26/4 1531/26/4 1533/26/4
f 1534/26/4 1535/26/4 1536/26/4
f 1536/26/4 1535/26/4 1537/26/4
f 1534/26/4 1536/26/4 1539/26/4
f 1539/26/4 1536/26/4 1540/26/4
f 1538/26/4 1539/26/4 1542/26/4
f 1541/13/4 1542/13/4 1543/13/4
f 1542/26/4 1539/26/4 1544/26/4
f 1543/13/4 1542/13/4 1544/13/4
f 1544/26/4 1539/26/4 1545/26/4
f 1549/9/4 1550/9/4 1551/9/4
f 1551/9/4 1550/9/4 1552/9/4
f 1546/13/4 1547/13/4 1553/13/4
f 1547/26/4 1548/26/4 1554/26/4
f 1553/13/4 1547/13/4 1554/13/4
f 1554/26/4 1548/26/4 1555/26/4
f 1555/26/4 1548/26/4 1556/26/4
f 1558/17/4 1559/17/4 1560/17/4
f 1560/17/4 1559/17/4 1561/17/4
f 1556/26/4 1557/26/4 1562/26/4
f 1556/26/4 1562/26/4 1564/26/4
f 1562/26/4 1563/26/4 1564/26/4
f 1564/26/4 1563/26/4 1565/26/4
f 1566/1/4 1567/1/4 1568/1/4
f 1568/1/4 1567/1/4 1569/1/4
f 1568/7/4 1569/7/4 1570/7/4
f 1570/7/4 1569/7/4 1571/7/4
f 1570/8/4 1571/8/4 1572/8/4
f 1572/8/4 1571/8/4 1573/8/4
f 1574/17/4 1575/17/4 1576/17/4
f 1576/17/4 1575/17/4 1577/17/4
f 1578/26/4 1579/26/4 1580/26/4
f 1580/26/4 1579/26/4 1581/26/4
f 1578/26/4 1580/26/4 1583/26/4
f 1583/26/4 1580/26/4 1584/26/4
f 1582/26/4 1583/26/4 1585/26/4
f 1585/26/4 1583/26/4 1586/26/4
f 1587/26/4 1588/26/4 1589/26/4
f 1589/26/4 1588/26/4 1590/26/4
f 1590/26/4 1591/26/4 1592/26/4
f 1590/26/4 1592/26/4 1595/26/4
f 1592/26/4 1593/26/4 1595/26/4
f 1593/4/4 1594/4/4 1596/4/4
f 1595/26/4 1593/26/4 1596/26/4
f 1596/4/4 1594/4/4 1597/4/4
f 1598/13/4 1599/13/4 1600/13/4
f 1600/13/4 1599/13/4 1601/13/4
f 1602/26/4 1603/26/4 1605/26/4
f 1603/4/4 1604/4/4 1606/4/4
f 1605/26/4 1603/26/4 1606/26/4
f 1606/4/4 1604/4/4 1607/4/4
f 1608/26/4 1609/26/4 1610/26/4
f 1610/26/4 1609/26/4 1611/26/4
f 1611/26/4 1609/26/4 1612/26/4
f 1612/26/4 1609/26/4 1613/26/4
f 1614/3/4 1615/3/4 1616/3/4
f 1614/3/4 1616/3/4 1617/3/4
f 1614/3/4 1617/3/4 1618/3/4
f 1618/3/4 1617/3/4 1619/3/4
f 1618/26/4 1619/26/4 1620/26/4
f 1620/26/4 1619/26/4 1621/26/4
f 1620/3/4 1621/3/4 1622/3/4
f 1620/3/4 1622/3/4 1623/3/4
f 1620/3/4 1623/3/4 1624/3/4
f 1624/3/4 1623/3/4 1625/3/4
f 1626/26/4 1627/26/4 1628/26/4
f 1628/26/4 1627/26/4 1629/26/4
f 1630/26/4 1631/26/4 1632/26/4
f 1632/26/4 1631/26/4 1633/26/4
f 1634/26/4 1635/26/4 1637/26/4
f 1635/4/4 1636/4/4 1638/4/4
f 1637/26/4 1635/26/4 1638/26/4
f 1638/4/4 1636/4/4 1639/4/4
f 1640/26/4 1641/26/4 1643/26/4
f 1643/26/4 1641/26/4 1644/26/4
f 1642/4/4 1643/4/4 1645/4/4
f 1643/4/4 1644/4/4 1645/4/4
f 1645/4/4 1644/4/4 1646/4/4
f 1647/26/4 1648/26/4 1649/26/4
f 1649/26/4 1648/26/4 1650/26/4
f 1651/26/4 1652/26/4 1655/26/4
f 1655/26/4 1652/26/4 1656/26/4
f 1653/26/4 1654/26/4 1657/26/4
f 1657/26/4 1654/26/4 1658/26/4
f 1656/26/4 1657/26/4 1659/26/4
f 1659/26/4 1657/26/4 1660/26/4
f 1660/26/4 1657/26/4 1661/26/4
f 1661/26/4 1657/26/4 1662/26/4
f 1661/26/4 1662/26/4 1666/26/4
f 1666/26/4 1662/26/4 1667/26/4
f 1663/26/4 1664/26/4 1669/26/4
f 1664/4/4 1665/4/4 1670/4/4
f 1669/26/4 1664/26/4 1670/26/4
f 1665/4/4 1666/4/4 1670/4/4
f 1670/4/4 1666/4/4 1671/4/4
f 1667/4/4 1668/4/4 1672/4/4
f 1672/4/4 1668/4/4 1673/4/4
f 1676/26/4 1677/26/4 1678/26/4
f 1678/26/4 1677/26/4 1679/26/4
f 1674/26/4 1675/26/4 1680/26/4
f 1680/26/4 1675/26/4 1681/26/4
f 1676/26/4 1678/26/4 1682/26/4
f 1680/13/4 1681/13/4 1684/13/4
f 1681/26/4 1675/26/4 1685/26/4
f 1684/13/4 1681/13/4 1685/13/4
f 1685/26/4 1675/26/4 1686/26/4
f 1686/26/4 1675/26/4 1687/26/4
f 1687/26/4 1675/26/4 1688/26/4
f 1682/26/4 1683/26/4 1689/26/4
f 1676/26/4 1682/26/4 1689/26/4
f 1689/26/4 1683/26/4 1690/26/4
f 1676/26/4 1689/26/4 1691/26/4
f 1676/26/4 1691/26/4 1693/26/4
f 1691/26/4 1692/26/4 1693/26/4
f 1693/26/4 1692/26/4 1694/26/4
f 1676/26/4 1693/26/4 1695/26/4
f 1687/3/4 1688/3/4 1697/3/4
f 1697/3/4 1688/3/4 1698/3/4
f 1695/26/4 1696/26/4 1699/26/4
f 1676/26/4 1695/26/4 1699/26/4
f 1699/26/4 1696/26/4 1700/26/4
f 1697/26/4 1698/26/4 1701/26/4
f 1701/26/4 1698/26/4 1702/26/4
f 1676/26/4 1699/26/4 1703/26/4
f 1702/26/4 1698/26/4 1706/26/4
f 1676/26/4 1703/26/4 1707/26/4
f 1703/26/4 1704/26/4 1707/26/4
f 1707/26/4 1704/26/4 1708/26/4
f 1705/26/4 1706/26/4 1709/26/4
f 1706/26/4 1698/26/4 1710/26/4
f 1709/26/4 1706/26/4 1710/26/4
f 1710/26/4 1698/26/4 1712/26/4
f 1711/26/4 1712/26/4 1715/26/4
f 1713/13/4 1714/13/4 1716/13/4
f 1714/26/4 1715/26/4 1717/26/4
f 1716/13/4 1714/13/4 1717/13/4
f 1676/26/4 1707/26/4 1718/26/4
f 1707/3/4 1708/3/4 1718/3/4
f 1718/3/4 1708/3/4 1719/3/4
f 1719/3/4 1708/3/4 1720/3/4
f 1718/26/4 1719/26/4 1721/26/4
f 1718/26/4 1721/26/4 1723/26/4
f 1721/26/4 1722/26/4 1723/26/4
f 1723/26/4 1722/26/4 1724/26/4
f 1717/26/4 1715/26/4 1725/26/4
f 1716/26/4 1717/26/4 1725/26/4
f 1712/26/4 1698/26/4 1725/26/4
f 1715/26/4 1712/26/4 1725/26/4
f 1725/26/4 1698/26/4 1726/26/4
f 1718/26/4 1723/26/4 1727/26/4
f 1676/26/4 1718/26/4 1727/26/4
f 1723/4/4 1724/4/4 1728/4/4
f 1727/26/4 1723/26/4 1728/26/4
f 1716/26/4 1725/26/4 1729/26/4
f 1725/4/4 1726/4/4 1730/4/4
f 1729/26/4 1725/26/4 1730/26/4
f 1730/4/4 1726/4/4 1731/4/4
f 1727/4/4 1728/4/4 1732/4/4
f 1728/4/4 1724/4/4 1733/4/4
f 1732/4/4 1728/4/4 1733/4/4
f 1736/13/5 1735/13/5 1734/13/5
f 1737/13/5 1735/13/5 1736/13/5
f 1738/13/5 1735/13/5 1737/13/5
f 1739/13/5 1735/13/5 1738/13/5
f 1740/13/5 1736/13/5 1734/13/5
f 1741/26/5 1737/26/5 1736/26/5
f 1741/13/5 1736/13/5 1740/13/5
f 1742/3/5 1738/3/5 1737/3/5
f 1742/26/5 1737/26/5 1741/26/5
f 1743/26/5 1739/26/5 1738/26/5
f 1743/3/5 1738/3/5 1742/3/5
f 1744/13/5 1735/13/5 1739/13/5
f 1744/26/5 1739/26/5 1743/26/5
f 1745/13/5 1735/13/5 1744/13/5
f 1752/13/5 1747/13/5 1746/13/5
f 1753/26/5 1748/26/5 1747/26/5
f 1753/13/5 1747/13/5 1752/13/5
f 1754/3/5 1749/3/5 1748/3/5
f 1754/26/5 1748/26/5 1753/26/5
f 1755/26/5 1750/26/5 1749/26/5
f 1755/3/5 1749/3/5 1754/3/5
f 1756/13/5 1751/13/5 1750/13/5
f 1756/26/5 1750/26/5 1755/26/5
f 1757/13/5 1751/13/5 1756/13/5
f 1764/13/5 1759/13/5 1758/13/5
f 1765/26/5 1760/26/5 1759/26/5
f 1765/13/5 1759/13/5 1764/13/5
f 1766/3/5 1761/3/5 1760/3/5
f 1766/26/5 1760/26/5 1765/26/5
f 1767/26/5 1762/26/5 1761/26/5
f 1767/3/5 1761/3/5 1766/3/5
f 1768/13/5 1763/13/5 1762/13/5
f 1768/26/5 1762/26/5 1767/26/5
f 1769/13/5 1763/13/5 1768/13/5
f 1774/13/5 1771/13/5 1770/13/5
f 1775/26/5 1772/26/5 1771/26/5
f 1775/13/5 1771/13/5 1774/13/5
f 1776/13/5 1773/13/5 1772/13/5
f 1776/26/5 1772/26/5 1775/26/5
f 1777/13/5 1773/13/5 1776/13/5
f 1782/13/5 1779/13/5 1778/13/5
f 1783/26/5 1780/26/5 1779/26/5
f 1783/13/5 1779/13/5 1782/13/5
f 1784/13/5 1781/13/5 1780/13/5
f 1784/26/5 1780/26/5 1783/26/5
f 1785/13/5 1781/13/5 1784/13/5
f 1790/13/5 1787/13/5 1786/13/5
f 1791/26/5 1788/26/5 1787/26/5
f 1791/13/5 1787/13/5 1790/13/5
f 1792/13/5 1789/13/5 1788/13/5
f 1792/26/5 1788/26/5 1791/26/5
f 1793/13/5 1789/13/5 1792/13/5
f 1798/13/5 1795/13/5 1794/13/5
f 1799/26/5 1796/26/5 1795/26/5
f 1799/13/5 1795/13/5 1798/13/5
f 1800/13/5 1797/13/5 1796/13/5
f 1800/26/5 1796/26/5 1799/26/5
f 1801/13/5 1797/13/5 1800/13/5
f 1804/13/5 1803/13/5 1802/13/5
f 1805/13/5 1803/13/5 1804/13/5
f 1806/13/5 1803/13/5 1805/13/5
f 1807/13/5 1803/13/5 1806/13/5
f 1808/13/5 1803/13/5 1807/13/5
f 1809/13/5 1803/13/5 1808/13/5
f 1810/13/5 1806/13/5 1805/13/5
f 1810/26/5 1807/26/5 1806/26/5
f 1811/13/5 1808/13/5 1807/13/5
f 1811/26/5 1807/26/5 1810/26/5
f 1812/13/5 1810/13/5 1805/13/5
f 1812/13/5 1811/13/5 1810/13/5
f 1813/13/5 1808/13/5 1811/13/5
f 1813/13/5 1811/13/5 1812/13/5
f 1818/26/5 1815/26/5 1814/26/5
f 1819/3/5 1816/3/5 1815/3/5
f 1819/26/5 1815/26/5 1818/26/5
f 1820/26/5 1817/26/5 1816/26/5
f 1820/3/5 1816/3/5 1819/3/5
f 1821/26/5 1817/26/5 1820/26/5
f 1822/26/5 1818/26/5 1814/26/5
f 1823/26/5 1818/26/5 1822/26/5
f 1824/26/5 1817/26/5 1821/26/5
f 1825/26/5 1817/26/5 1824/26/5
f 1830/26/5 1827/26/5 1826/26/5
f 1831/26/5 1827/26/5 1830/26/5
f 1832/26/5 1829/26/5 1828/26/5
f 1833/26/5 1829/26/5 1832/26/5
f 1838/26/5 1835/26/5 1834/26/5
f 1839/26/5 1835/26/5 1838/26/5
f 1840/26/5 1837/26/5 1836/26/5
f 1841/26/5 1837/26/5 1840/26/5
f 1846/26/5 1843/26/5 1842/26/5
f 1847/26/5 1843/26/5 1846/26/5
f 1848/26/5 1845/26/5 1844/26/5
f 1849/26/5 1845/26/5 1848/26/5
f 1854/26/5 1851/26/5 1850/26/5
f 1855/26/5 1851/26/5 1854/26/5
f 1856/26/5 1853/26/5 1852/26/5
f 1857/26/5 1853/26/5 1856/26/5
f 1862/26/5 1859/26/5 1858/26/5
f 1863/26/5 1859/26/5 1862/26/5
f 1864/26/5 1861/26/5 1860/26/5
f 1865/26/5 1861/26/5 1864/26/5
f 1870/26/5 1867/26/5 1866/26/5
f 1871/26/5 1867/26/5 1870/26/5
f 1872/26/5 1869/26/5 1868/26/5
f 1873/26/5 1869/26/5 1872/26/5
f 1878/26/5 1875/26/5 1874/26/5
f 1879/26/5 1875/26/5 1878/26/5
f 1880/26/5 1877/26/5 1876/26/5
f 1881/26/5 1877/26/5 1880/26/5
f 1886/26/5 1883/26/5 1882/26/5
f 1887/26/5 1883/26/5 1886/26/5
f 1888/26/5 1885/26/5 1884/26/5
f 1889/26/5 1885/26/5 1888/26/5
f 1894/26/5 1891/26/5 1890/26/5
f 1894/26/5 1893/26/5 1892/26/5
f 1894/26/5 1892/26/5 1891/26/5
f 1895/26/5 1893/26/5 1894/26/5
f 1896/14/5 1895/14/5 1894/14/5
f 1897/14/5 1895/14/5 1896/14/5
f 1898/26/5 1894/26/5 1890/26/5
f 1899/14/5 1896/14/5 1894/14/5
f 1899/26/5 1894/26/5 1898/26/5
f 1900/15/5 1897/15/5 1896/15/5
f 1900/14/5 1896/14/5 1899/14/5
f 1901/14/5 1895/14/5 1897/14/5
f 1901/15/5 1897/15/5 1900/15/5
f 1902/14/5 1900/14/5 1899/14/5
f 1902/14/5 1901/14/5 1900/14/5
f 1903/14/5 1895/14/5 1901/14/5
f 1903/14/5 1901/14/5 1902/14/5
f 1904/14/5 1902/14/5 1899/14/5
f 1904/15/5 1903/15/5 1902/15/5
f 1905/14/5 1895/14/5 1903/14/5
f 1905/15/5 1903/15/5 1904/15/5
f 1906/14/5 1904/14/5 1899/14/5
f 1906/14/5 1905/14/5 1904/14/5
f 1907/14/5 1905/14/5 1906/14/5
f 1908/14/5 1905/14/5 1907/14/5
f 1909/14/5 1895/14/5 1905/14/5
f 1909/14/5 1905/14/5 1908/14/5
f 1910/14/5 1908/14/5 1907/14/5
f 1910/15/5 1909/15/5 1908/15/5
f 1911/14/5 1895/14/5 1909/14/5
f 1911/15/5 1909/15/5 1910/15/5
f 1912/14/5 1910/14/5 1907/14/5
f 1912/14/5 1911/14/5 1910/14/5
f 1913/14/5 1911/14/5 1912/14/5
f 1914/14/5 1911/14/5 1913/14/5
f 1915/14/5 1895/14/5 1911/14/5
f 1915/14/5 1911/14/5 1914/14/5
f 1916/14/5 1906/14/5 1899/14/5
f 1916/15/5 1907/15/5 1906/15/5
f 1917/14/5 1912/14/5 1907/14/5
f 1917/15/5 1907/15/5 1916/15/5
f 1918/15/5 1913/15/5 1912/15/5
f 1918/14/5 1912/14/5 1917/14/5
f 1919/14/5 1914/14/5 1913/14/5
f 1919/15/5 1913/15/5 1918/15/5
f 1920/15/5 1915/15/5 1914/15/5
f 1920/14/5 1914/14/5 1919/14/5
f 1921/14/5 1895/14/5 1915/14/5
f 1921/15/5 1915/15/5 1920/15/5
f 1922/26/5 1898/26/5 1890/26/5
f 1923/3/5 1899/3/5 1898/3/5
f 1923/26/5 1898/26/5 1922/26/5
f 1924/14/5 1918/14/5 1917/14/5
f 1924/3/5 1899/3/5 1923/3/5
f 1924/14/5 1920/14/5 1919/14/5
f 1924/14/5 1921/14/5 1920/14/5
f 1924/14/5 1917/14/5 1916/14/5
f 1924/14/5 1916/14/5 1899/14/5
f 1924/14/5 1919/14/5 1918/14/5
f 1925/14/5 1921/14/5 1924/14/5
f 1926/14/5 1895/14/5 1921/14/5
f 1926/14/5 1921/14/5 1925/14/5
f 1927/26/5 1893/26/5 1895/26/5
f 1927/14/5 1895/14/5 1926/14/5
f 1928/26/5 1893/26/5 1927/26/5
f 1929/3/5 1923/3/5 1922/3/5
f 1929/26/5 1926/26/5 1925/26/5
f 1929/3/5 1925/3/5 1924/3/5
f 1929/3/5 1924/3/5 1923/3/5
f 1930/26/5 1926/26/5 1929/26/5
f 1931/14/5 1930/14/5 1929/14/5
f 1932/14/5 1930/14/5 1931/14/5
f 1933/14/5 1931/14/5 1929/14/5
f 1933/15/5 1932/15/5 1931/15/5
f 1934/14/5 1930/14/5 1932/14/5
f 1934/15/5 1932/15/5 1933/15/5
f 1935/3/5 1929/3/5 1922/3/5
f 1935/14/5 1933/14/5 1929/14/5
f 1935/14/5 1934/14/5 1933/14/5
f 1936/14/5 1930/14/5 1934/14/5
f 1936/14/5 1934/14/5 1935/14/5
f 1936/26/5 1926/26/5 1930/26/5
f 1937/3/5 1935/3/5 1922/3/5
f 1938/26/5 1936/26/5 1935/26/5
f 1938/3/5 1935/3/5 1937/3/5
f 1939/3/5 1928/3/5 1927/3/5
f 1939/26/5 1936/26/5 1938/26/5
f 1939/3/5 1927/3/5 1926/3/5
f 1939/26/5 1926/26/5 1936/26/5
f 1940/3/5 1928/3/5 1939/3/5
f 1944/26/5 1943/26/5 1942/26/5
f 1946/3/5 1942/3/5 1941/3/5
f 1947/26/5 1945/26/5 1944/26/5
f 1947/3/5 1942/3/5 1946/3/5
f 1947/26/5 1944/26/5 1942/26/5
f 1948/26/5 1945/26/5 1947/26/5
f 1949/26/5 1945/26/5 1948/26/5
f 1950/26/5 1945/26/5 1949/26/5
f 1952/26/5 1950/26/5 1949/26/5
f 1952/26/5 1951/26/5 1950/26/5
f 1954/26/5 1947/26/5 1946/26/5
f 1954/26/5 1948/26/5 1947/26/5
f 1955/3/5 1949/3/5 1948/3/5
f 1955/26/5 1948/26/5 1954/26/5
f 1956/26/5 1953/26/5 1952/26/5
f 1956/3/5 1949/3/5 1955/3/5
f 1956/26/5 1952/26/5 1949/26/5
f 1957/26/5 1953/26/5 1956/26/5
f 1958/26/5 1953/26/5 1957/26/5
f 1960/26/5 1959/26/5 1958/26/5
f 1960/26/5 1958/26/5 1957/26/5
f 1962/26/5 1960/26/5 1957/26/5
f 1962/26/5 1961/26/5 1960/26/5
f 1963/26/5 1961/26/5 1962/26/5
f 1964/26/5 1954/26/5 1946/26/5
f 1965/26/5 1954/26/5 1964/26/5
f 1972/3/5 1963/3/5 1962/3/5
f 1973/3/5 1963/3/5 1972/3/5
f 1975/26/5 1966/26/5 1965/26/5
f 1976/13/5 1967/13/5 1966/13/5
f 1976/26/5 1966/26/5 1975/26/5
f 1977/26/5 1968/26/5 1967/26/5
f 1977/13/5 1967/13/5 1976/13/5
f 1978/3/5 1969/3/5 1968/3/5
f 1978/26/5 1968/26/5 1977/26/5
f 1979/26/5 1970/26/5 1969/26/5
f 1979/3/5 1969/3/5 1978/3/5
f 1980/13/5 1971/13/5 1970/13/5
f 1980/26/5 1970/26/5 1979/26/5
f 1981/3/5 1972/3/5 1971/3/5
f 1981/13/5 1971/13/5 1980/13/5
f 1982/3/5 1972/3/5 1981/3/5
f 1984/26/5 1975/26/5 1974/26/5
f 1985/26/5 1975/26/5 1984/26/5
f 1992/3/5 1983/3/5 1982/3/5
f 1993/3/5 1983/3/5 1992/3/5
f 1995/26/5 1986/26/5 1985/26/5
f 1996/13/5 1987/13/5 1986/13/5
f 1996/26/5 1986/26/5 1995/26/5
f 1997/26/5 1988/26/5 1987/26/5
f 1997/13/5 1987/13/5 1996/13/5
f 1998/3/5 1989/3/5 1988/3/5
f 1998/26/5 1988/26/5 1997/26/5
f 1999/26/5 1990/26/5 1989/26/5
f 1999/3/5 1989/3/5 1998/3/5
f 2000/13/5 1991/13/5 1990/13/5
f 2000/26/5 1990/26/5 1999/26/5
f 2001/3/5 1992/3/5 1991/3/5
f 2001/13/5 1991/13/5 2000/13/5
f 2002/3/5 1992/3/5 2001/3/5
f 2004/26/5 1995/26/5 1994/26/5
f 2005/26/5 1995/26/5 2004/26/5
f 2012/3/5 2003/3/5 2002/3/5
f 2013/3/5 2003/3/5 2012/3/5
f 2015/26/5 2006/26/5 2005/26/5
f 2016/13/5 2007/13/5 2006/13/5
f 2016/26/5 2006/26/5 2015/26/5
f 2017/26/5 2008/26/5 2007/26/5
f 2017/13/5 2007/13/5 2016/13/5
f 2017/26/5 2009/26/5 2008/26/5
f 2017/26/5 2010/26/5 2009/26/5
f 2018/13/5 2011/13/5 2010/13/5
f 2018/26/5 2010/26/5 2017/26/5
f 2019/3/5 2012/3/5 2011/3/5
f 2019/13/5 2011/13/5 2018/13/5
f 2020/3/5 2012/3/5 2019/3/5
f 2022/26/5 2015/26/5 2014/26/5
f 2023/26/5 2015/26/5 2022/26/5
f 2028/3/5 2021/3/5 2020/3/5
f 2029/3/5 2021/3/5 2028/3/5
f 2031/26/5 2024/26/5 2023/26/5
f 2032/13/5 2025/13/5 2024/13/5
f 2032/26/5 2024/26/5 2031/26/5
f 2033/26/5 2026/26/5 2025/26/5
f 2033/13/5 2025/13/5 2032/13/5
f 2034/13/5 2027/13/5 2026/13/5
f 2034/26/5 2026/26/5 2033/26/5
f 2035/3/5 2028/3/5 2027/3/5
f 2035/13/5 2027/13/5 2034/13/5
f 2036/3/5 2028/3/5 2035/3/5
f 2038/26/5 2031/26/5 2030/26/5
f 2039/26/5 2031/26/5 2038/26/5
f 2044/3/5 2037/3/5 2036/3/5
f 2045/3/5 2037/3/5 2044/3/5
f 2047/26/5 2040/26/5 2039/26/5
f 2048/13/5 2041/13/5 2040/13/5
f 2048/26/5 2040/26/5 2047/26/5
f 2049/26/5 2042/26/5 2041/26/5
f 2049/13/5 2041/13/5 2048/13/5
f 2050/13/5 2043/13/5 2042/13/5
f 2050/26/5 2042/26/5 2049/26/5
f 2051/3/5 2044/3/5 2043/3/5
f 2051/13/5 2043/13/5 2050/13/5
f 2052/3/5 2044/3/5 2051/3/5
f 2054/26/5 2047/26/5 2046/26/5
f 2055/26/5 2047/26/5 2054/26/5
f 2060/26/5 2053/26/5 2052/26/5
f 2061/26/5 2053/26/5 2060/26/5
f 2063/26/5 2056/26/5 2055/26/5
f 2064/13/5 2057/13/5 2056/13/5
f 2064/26/5 2056/26/5 2063/26/5
f 2065/26/5 2058/26/5 2057/26/5
f 2065/13/5 2057/13/5 2064/13/5
f 2066/13/5 2059/13/5 2058/13/5
f 2066/26/5 2058/26/5 2065/26/5
f 2067/26/5 2060/26/5 2059/26/5
f 2067/13/5 2059/13/5 2066/13/5
f 2068/26/5 2060/26/5 2067/26/5
f 2070/26/5 2063/26/5 2062/26/5
f 2071/26/5 2063/26/5 2070/26/5
f 2076/26/5 2069/26/5 2068/26/5
f 2077/26/5 2069/26/5 2076/26/5
f 2079/26/5 2072/26/5 2071/26/5
f 2080/13/5 2073/13/5 2072/13/5
f 2080/26/5 2072/26/5 2079/26/5
f 2081/26/5 2074/26/5 2073/26/5
f 2081/13/5 2073/13/5 2080/13/5
f 2082/26/5 2074/26/5 2081/26/5
f 2083/26/5 2074/26/5 2082/26/5
f 2084/26/5 2074/26/5 2083/26/5
f 2085/26/5 2074/26/5 2084/26/5
f 2086/13/5 2075/13/5 2074/13/5
f 2086/26/5 2074/26/5 2085/26/5
f 2087/26/5 2076/26/5 2075/26/5
f 2087/13/5 2075/13/5 2086/13/5
f 2088/26/5 2076/26/5 2087/26/5
f 2090/26/5 2079/26/5 2078/26/5
f 2091/26/5 2079/26/5 2090/26/5
f 2094/26/5 2089/26/5 2088/26/5
f 2095/26/5 2089/26/5 2094/26/5
f 2097/26/5 2092/26/5 2091/26/5
f 2098/26/5 2092/26/5 2097/26/5
f 2099/26/5 2094/26/5 2093/26/5
f 2100/26/5 2094/26/5 2099/26/5
f 2102/26/5 2097/26/5 2096/26/5
f 2103/26/5 2097/26/5 2102/26/5
f 2106/26/5 2101/26/5 2100/26/5
f 2107/26/5 2101/26/5 2106/26/5
f 2109/26/5 2104/26/5 2103/26/5
f 2110/26/5 2104/26/5 2109/26/5
f 2111/26/5 2106/26/5 2105/26/5
f 2112/26/5 2106/26/5 2111/26/5
f 2114/26/5 2109/26/5 2108/26/5
f 2115/26/5 2109/26/5 2114/26/5
f 2116/26/5 2113/26/5 2112/26/5
f 2117/26/5 2113/26/5 2116/26/5
f 2118/26/5 2114/26/5 2108/26/5
f 2118/16/5 2115/16/5 2114/16/5
f 2119/26/5 2109/26/5 2115/26/5
f 2119/16/5 2115/16/5 2118/16/5
f 2120/26/5 2109/26/5 2119/26/5
f 2121/26/5 2116/26/5 2112/26/5
f 2122/16/5 2117/16/5 2116/16/5
f 2122/26/5 2116/26/5 2121/26/5
f 2123/26/5 2113/26/5 2117/26/5
f 2123/16/5 2117/16/5 2122/16/5
f 2124/26/5 2120/26/5 2119/26/5
f 2124/26/5 2119/26/5 2118/26/5
f 2129/26/5 2122/26/5 2121/26/5
f 2129/26/5 2123/26/5 2122/26/5
f 2130/26/5 2118/26/5 2108/26/5
f 2130/26/5 2124/26/5 2118/26/5
f 2130/26/5 2125/26/5 2124/26/5
f 2131/26/5 2125/26/5 2130/26/5
f 2132/26/5 2129/26/5 2128/26/5
f 2132/26/5 2123/26/5 2129/26/5
f 2133/26/5 2113/26/5 2123/26/5
f 2133/26/5 2123/26/5 2132/26/5
f 2134/16/5 2131/16/5 2130/16/5
f 2134/26/5 2130/26/5 2108/26/5
f 2135/26/5 2125/26/5 2131/26/5
f 2135/16/5 2131/16/5 2134/16/5
f 2136/26/5 2132/26/5 2128/26/5
f 2136/16/5 2133/16/5 2132/16/5
f 2137/26/5 2113/26/5 2133/26/5
f 2137/16/5 2133/16/5 2136/16/5
f 2138/26/5 2134/26/5 2108/26/5
f 2138/26/5 2135/26/5 2134/26/5
f 2139/26/5 2135/26/5 2138/26/5
f 2140/26/5 2113/26/5 2137/26/5
f 2140/26/5 2137/26/5 2136/26/5
f 2141/26/5 2113/26/5 2140/26/5
f 2142/26/5 2135/26/5 2139/26/5
f 2143/26/5 2125/26/5 2135/26/5
f 2143/26/5 2135/26/5 2142/26/5
f 2143/13/5 2126/13/5 2125/13/5
f 2144/13/5 2126/13/5 2143/13/5
f 2145/13/5 2128/13/5 2127/13/5
f 2146/26/5 2136/26/5 2128/26/5
f 2146/13/5 2128/13/5 2145/13/5
f 2146/26/5 2140/26/5 2136/26/5
f 2147/26/5 2140/26/5 2146/26/5
f 2152/26/5 2149/26/5 2148/26/5
f 2153/26/5 2149/26/5 2152/26/5
f 2154/3/5 2151/3/5 2150/3/5
f 2155/3/5 2151/3/5 2154/3/5
f 2160/26/5 2157/26/5 2156/26/5
f 2161/26/5 2157/26/5 2160/26/5
f 2162/3/5 2159/3/5 2158/3/5
f 2163/3/5 2159/3/5 2162/3/5
f 2168/26/5 2165/26/5 2164/26/5
f 2169/26/5 2165/26/5 2168/26/5
f 2170/3/5 2167/3/5 2166/3/5
f 2171/3/5 2167/3/5 2170/3/5
f 2176/26/5 2173/26/5 2172/26/5
f 2177/26/5 2173/26/5 2176/26/5
f 2178/3/5 2175/3/5 2174/3/5
f 2179/3/5 2175/3/5 2178/3/5
f 2184/26/5 2181/26/5 2180/26/5
f 2185/26/5 2181/26/5 2184/26/5
f 2186/3/5 2183/3/5 2182/3/5
f 2187/3/5 2183/3/5 2186/3/5
f 2192/26/5 2189/26/5 2188/26/5
f 2193/26/5 2189/26/5 2192/26/5
f 2194/26/5 2191/26/5 2190/26/5
f 2195/26/5 2191/26/5 2194/26/5
f 2200/26/5 2197/26/5 2196/26/5
f 2201/26/5 2197/26/5 2200/26/5
f 2202/26/5 2199/26/5 2198/26/5
f 2203/26/5 2199/26/5 2202/26/5
f 2208/26/5 2205/26/5 2204/26/5
f 2209/26/5 2205/26/5 2208/26/5
f 2210/26/5 2207/26/5 2206/26/5
f 2211/26/5 2207/26/5 2210/26/5
f 2216/26/5 2213/26/5 2212/26/5
f 2217/26/5 2213/26/5 2216/26/5
f 2218/26/5 2215/26/5 2214/26/5
f 2219/26/5 2215/26/5 2218/26/5
f 2222/26/5 2221/26/5 2220/26/5
f 2223/26/5 2221/26/5 2222/26/5
f 2226/26/5 2225/26/5 2224/26/5
f 2227/26/5 2225/26/5 2226/26/5
f 2228/26/5 2225/26/5 2227/26/5
f 2229/26/5 2225/26/5 2228/26/5
f 2230/26/5 2226/26/5 2224/26/5
f 2231/26/5 2226/26/5 2230/26/5
f 2232/26/5 2230/26/5 2224/26/5
f 2233/3/5 2231/3/5 2230/3/5
f 2233/26/5 2230/26/5 2232/26/5
f 2234/26/5 2226/26/5 2231/26/5
f 2234/3/5 2231/3/5 2233/3/5
f 2235/26/5 2226/26/5 2234/26/5
f 2236/26/5 2228/26/5 2227/26/5
f 2237/26/5 2228/26/5 2236/26/5
f 2238/26/5 2225/26/5 2229/26/5
f 2239/26/5 2225/26/5 2238/26/5
f 2244/26/5 2241/26/5 2240/26/5
f 2245/26/5 2241/26/5 2244/26/5
f 2246/26/5 2243/26/5 2242/26/5
f 2247/26/5 2243/26/5 2246/26/5
f 2250/26/5 2249/26/5 2248/26/5
f 2251/26/5 2249/26/5 2250/26/5
f 2253/26/5 2252/26/5 2251/26/5
f 2254/26/5 2252/26/5 2253/26/5
f 2257/26/5 2256/26/5 2255/26/5
f 2258/26/5 2256/26/5 2257/26/5
f 2260/26/5 2259/26/5 2258/26/5
f 2261/26/5 2259/26/5 2260/26/5
f 2263/26/5 2262/26/5 2261/26/5
f 2264/26/5 2262/26/5 2263/26/5
f 2266/26/5 2250/26/5 2248/26/5
f 2267/26/5 2250/26/5 2266/26/5
f 2268/3/5 2267/3/5 2266/3/5
f 2269/3/5 2267/3/5 2268/3/5
f 2270/26/5 2265/26/5 2264/26/5
f 2271/26/5 2265/26/5 2270/26/5
f 2272/3/5 2271/3/5 2270/3/5
f 2273/3/5 2271/3/5 2272/3/5
f 2274/26/5 2273/26/5 2272/26/5
f 2275/26/5 2273/26/5 2274/26/5
f 2276/4/5 2275/4/5 2274/4/5
f 2277/4/5 2275/4/5 2276/4/5
f 2280/26/5 2279/26/5 2278/26/5
f 2281/26/5 2279/26/5 2280/26/5
f 2282/26/5 2269/26/5 2268/26/5
f 2283/26/5 2269/26/5 2282/26/5
f 2285/4/5 2281/4/5 2280/4/5
f 2286/4/5 2281/4/5 2285/4/5
f 2287/26/5 2284/26/5 2283/26/5
f 2288/4/5 2285/4/5 2284/4/5
f 2288/26/5 2284/26/5 2287/26/5
f 2289/4/5 2285/4/5 2288/4/5
f 2290/3/6 2291/3/6 2294/3/6
f 2291/26/6 2292/26/6 2295/26/6
f 2294/3/6 2291/3/6 2295/3/6
f 2292/3/6 2293/3/6 2296/3/6
f 2295/26/6 2292/26/6 2296/26/6
f 2296/3/6 2293/3/6 2297/3/6
f 2298/26/6 2299/26/6 2300/26/6
f 2300/26/6 2299/26/6 2301/26/6
f 2302/26/6 2303/26/6 2304/26/6
f 2304/26/6 2303/26/6 2305/26/6
f 2305/26/6 2306/26/6 2307/26/6
f 2307/26/6 2306/26/6 2308/26/6
f 2309/26/6 2310/26/6 2311/26/6
f 2311/26/6 2310/26/6 2312/26/6
f 2312/26/6 2313/26/6 2314/26/6
f 2314/26/6 2313/26/6 2315/26/6
f 2315/26/6 2316/26/6 2317/26/6
f 2317/26/6 2316/26/6 2318/26/6
f 2318/26/6 2319/26/6 2320/26/6
f 2320/26/6 2319/26/6 2321/26/6
f 2302/26/6 2304/26/6 2322/26/6
f 2322/26/6 2304/26/6 2323/26/6
f 2320/3/6 2321/3/6 2324/3/6
f 2324/3/6 2321/3/6 2325/3/6
f 2326/26/6 2327/26/6 2330/26/6
f 2330/26/6 2327/26/6 2331/26/6
f 2328/3/6 2329/3/6 2332/3/6
f 2332/3/6 2329/3/6 2333/3/6
f 2334/26/6 2335/26/6 2338/26/6
f 2338/26/6 2335/26/6 2339/26/6
f 2336/3/6 2337/3/6 2340/3/6
f 2340/3/6 2337/3/6 2341/3/6
f 2342/26/6 2343/26/6 2346/26/6
f 2346/26/6 2343/26/6 2347/26/6
f 2344/3/6 2345/3/6 2348/3/6
f 2348/3/6 2345/3/6 2349/3/6
f 2350/26/6 2351/26/6 2354/26/6
f 2354/26/6 2351/26/6 2355/26/6
f 2352/3/6 2353/3/6 2356/3/6
f 2356/3/6 2353/3/6 2357/3/6
f 2358/26/6 2359/26/6 2362/26/6
f 2362/26/6 2359/26/6 2363/26/6
f 2360/26/6 2361/26/6 2364/26/6
f 2364/26/6 2361/26/6 2365/26/6
f 2366/26/6 2367/26/6 2370/26/6
f 2370/26/6 2367/26/6 2371/26/6
f 2368/26/6 2369/26/6 2372/26/6
f 2372/26/6 2369/26/6 2373/26/6
f 2374/26/6 2375/26/6 2378/26/6
f 2378/26/6 2375/26/6 2379/26/6
f 2376/26/6 2377/26/6 2380/26/6
f 2380/26/6 2377/26/6 2381/26/6
f 2382/26/6 2383/26/6 2386/26/6
f 2386/26/6 2383/26/6 2387/26/6
f 2384/4/6 2385/4/6 2388/4/6
f 2388/4/6 2385/4/6 2389/4/6
f 2392/26/6 2393/26/6 2394/26/6
f 2394/26/6 2393/26/6 2395/26/6
f 2394/4/6 2395/4/6 2396/4/6
f 2396/4/6 2395/4/6 2397/4/6
f 2398/26/6 2399/26/6 2400/26/6
f 2390/26/6 2391/26/6 2402/26/6
f 2402/26/6 2391/26/6 2403/26/6
f 2398/26/6 2400/26/6 2404/26/6
f 2400/26/6 2401/26/6 2404/26/6
f 2404/26/6 2401/26/6 2405/26/6
f 2398/26/6 2404/26/6 2406/26/6
f 2404/4/6 2405/4/6 2406/4/6
f 2406/4/6 2405/4/6 2407/4/6
f 2402/3/6 2403/3/6 2408/3/6
f 2408/3/6 2403/3/6 2409/3/6
f 2398/26/6 2406/26/6 2410/26/6
f 2410/26/6 2406/26/6 2411/26/6
f 2408/26/6 2409/26/6 2412/26/6
f 2412/26/6 2409/26/6 2413/26/6
f 2410/4/6 2411/4/6 2417/4/6
f 2417/4/6 2411/4/6 2418/4/6
f 2413/26/6 2414/26/6 2419/26/6
f 2414/3/6 2415/3/6 2420/3/6
f 2419/26/6 2414/26/6 2420/26/6
f 2415/26/6 2416/26/6 2421/26/6
f 2420/3/6 2415/3/6 2421/3/6
f 2416/4/6 2417/4/6 2422/4/6
f 2421/26/6 2416/26/6 2422/26/6
f 2422/4/6 2417/4/6 2423/4/6
f 2424/24/6 2425/24/6 2429/24/6
f 2429/24/6 2425/24/6 2430/24/6
f 2426/24/6 2427/24/6 2434/24/6
f 2434/24/6 2427/24/6 2435/24/6
f 2428/24/6 2429/24/6 2438/24/6
f 2438/24/6 2429/24/6 2439/24/6
f 2431/24/6 2432/24/6 2441/24/6
f 2441/24/6 2432/24/6 2442/24/6
f 2433/24/6 2434/24/6 2445/24/6
f 2445/24/6 2434/24/6 2446/24/6
f 2436/24/6 2437/24/6 2448/24/6
f 2448/24/6 2437/24/6 2449/24/6
f 2440/24/6 2441/24/6 2450/24/6
f 2450/24/6 2441/24/6 2451/24/6
f 2443/24/6 2444/24/6 2453/24/6
f 2453/24/6 2444/24/6 2454/24/6
f 2447/24/6 2448/24/6 2455/24/6
f 2455/24/6 2448/24/6 2456/24/6
f 2452/24/6 2453/24/6 2457/24/6
f 2457/24/6 2453/24/6 2458/24/6
f 2459/26/6 2460/26/6 2461/26/6
f 2461/26/6 2460/26/6 2462/26/6
f 2462/26/6 2460/26/6 2463/26/6
f 2463/26/6 2460/26/6 2464/26/6
f 2464/26/6 2460/26/6 2465/26/6
f 2465/26/6 2460/26/6 2466/26/6
f 2466/26/6 2460/26/6 2467/26/6
f 2468/2/6 2469/2/6 2470/2/6
f 2470/2/6 2469/2/6 2471/2/6
f 2471/2/6 2469/2/6 2472/2/6
f 2472/2/6 2469/2/6 2473/2/6
f 2473/2/6 2469/2/6 2474/2/6
f 2474/2/6 2469/2/6 2475/2/6
f 2475/2/6 2469/2/6 2476/2/6
f 2476/2/6 2469/2/6 2477/2/6
f 2462/26/6 2463/26/6 2478/26/6
f 2478/26/6 2463/26/6 2479/26/6
f 2471/26/6 2472/26/6 2480/26/6
f 2480/26/6 2472/26/6 2481/26/6
f 2473/26/6 2474/26/6 2482/26/6
f 2482/26/6 2474/26/6 2483/26/6
f 2475/26/6 2476/26/6 2484/26/6
f 2484/26/6 2476/26/6 2485/26/6
f 2465/26/6 2466/26/6 2486/26/6
f 2486/26/6 2466/26/6 2487/26/6
f 2488/26/6 2489/26/6 2490/26/6
f 2490/26/6 2489/26/6 2491/26/6
f 2491/26/6 2489/26/6 2492/26/6
f 2492/26/6 2493/26/6 2494/26/6
f 2491/26/6 2492/26/6 2494/26/6
f 2494/26/6 2493/26/6 2495/26/6
f 2495/26/6 2493/26/6 2496/26/6
f 2488/26/6 2490/26/6 2498/26/6
f 2498/26/6 2490/26/6 2499/26/6
f 2499/26/6 2490/26/6 2500/26/6
f 2500/26/6 2490/26/6 2501/26/6
f 2491/26/6 2494/26/6 2502/26/6
f 2496/26/6 2497/26/6 2503/26/6
f 2495/26/6 2496/26/6 2503/26/6
f 2503/26/6 2497/26/6 2504/26/6
f 2504/26/6 2497/26/6 2505/26/6
f 2501/26/6 2502/26/6 2507/26/6
f 2502/26/6 2494/26/6 2507/26/6
f 2507/26/6 2494/26/6 2508/26/6
f 2495/26/6 2503/26/6 2509/26/6
f 2505/26/6 2506/26/6 2510/26/6
f 2504/26/6 2505/26/6 2510/26/6
f 2510/26/6 2506/26/6 2511/26/6
f 2511/26/6 2506/26/6 2512/26/6
f 2498/3/6 2499/3/6 2514/3/6
f 2514/3/6 2499/3/6 2515/3/6
f 2499/26/6 2500/26/6 2516/26/6
f 2516/26/6 2500/26/6 2517/26/6
f 2517/26/6 2500/26/6 2518/26/6
f 2501/26/6 2507/26/6 2519/26/6
f 2508/26/6 2509/26/6 2520/26/6
f 2509/26/6 2503/26/6 2520/26/6
f 2520/26/6 2503/26/6 2521/26/6
f 2504/26/6 2510/26/6 2522/26/6
f 2512/26/6 2513/26/6 2523/26/6
f 2511/26/6 2512/26/6 2523/26/6
f 2523/26/6 2513/26/6 2524/26/6
f 2498/3/6 2514/3/6 2525/3/6
f 2514/20/6 2515/20/6 2525/20/6
f 2515/3/6 2499/3/6 2526/3/6
f 2525/20/6 2515/20/6 2526/20/6
f 2499/26/6 2516/26/6 2527/26/6
f 2516/20/6 2517/20/6 2527/20/6
f 2518/26/6 2519/26/6 2528/26/6
f 2527/20/6 2517/20/6 2528/20/6
f 2517/26/6 2518/26/6 2528/26/6
f 2519/26/6 2507/26/6 2529/26/6
f 2528/26/6 2519/26/6 2529/26/6
f 2508/26/6 2520/26/6 2530/26/6
f 2521/26/6 2522/26/6 2531/26/6
f 2522/26/6 2510/26/6 2531/26/6
f 2531/26/6 2510/26/6 2532/26/6
f 2511/26/6 2523/26/6 2533/26/6
f 2524/26/6 2513/26/6 2534/26/6
f 2498/3/6 2525/3/6 2536/3/6
f 2525/3/6 2526/3/6 2536/3/6
f 2536/3/6 2526/3/6 2537/3/6
f 2499/26/6 2527/26/6 2538/26/6
f 2537/3/6 2526/3/6 2538/3/6
f 2527/26/6 2528/26/6 2538/26/6
f 2529/26/6 2530/26/6 2538/26/6
f 2528/26/6 2529/26/6 2538/26/6
f 2526/3/6 2499/3/6 2538/3/6
f 2538/26/6 2530/26/6 2539/26/6
f 2530/26/6 2520/26/6 2540/26/6
f 2539/26/6 2530/26/6 2540/26/6
f 2521/26/6 2531/26/6 2541/26/6
f 2532/26/6 2533/26/6 2542/26/6
f 2533/26/6 2523/26/6 2542/26/6
f 2542/26/6 2523/26/6 2543/26/6
f 2534/26/6 2535/26/6 2544/26/6
f 2524/26/6 2534/26/6 2544/26/6
f 2537/3/6 2538/3/6 2545/3/6
f 2545/3/6 2538/3/6 2546/3/6
f 2546/3/6 2538/3/6 2547/3/6
f 2539/26/6 2540/26/6 2548/26/6
f 2540/26/6 2541/26/6 2548/26/6
f 2548/26/6 2541/26/6 2549/26/6
f 2549/26/6 2541/26/6 2550/26/6
f 2541/26/6 2531/26/6 2551/26/6
f 2550/26/6 2541/26/6 2551/26/6
f 2532/26/6 2542/26/6 2552/26/6
f 2498/3/6 2536/3/6 2553/3/6
f 2547/3/6 2538/3/6 2556/3/6
f 2556/3/6 2538/3/6 2557/3/6
f 2557/3/6 2538/3/6 2558/3/6
f 2551/26/6 2552/26/6 2561/26/6
f 2550/26/6 2551/26/6 2561/26/6
f 2561/26/6 2552/26/6 2562/26/6
f 2552/26/6 2542/26/6 2563/26/6
f 2562/26/6 2552/26/6 2563/26/6
f 2543/26/6 2544/26/6 2564/26/6
f 2554/3/6 2555/3/6 2565/3/6
f 2553/3/6 2554/3/6 2565/3/6
f 2557/3/6 2558/3/6 2567/3/6
f 2559/26/6 2560/26/6 2568/26/6
f 2558/26/6 2559/26/6 2568/26/6
f 2562/26/6 2563/26/6 2570/26/6
f 2563/26/6 2564/26/6 2570/26/6
f 2565/3/6 2566/3/6 2571/3/6
f 2567/3/6 2558/3/6 2573/3/6
f 2568/26/6 2569/26/6 2574/26/6
f 2570/26/6 2564/26/6 2576/26/6
f 2574/26/6 2575/26/6 2577/26/6
f 2575/26/6 2576/26/6 2577/26/6
f 2576/26/6 2564/26/6 2577/26/6
f 2577/26/6 2564/26/6 2578/26/6
f 2572/3/6 2573/3/6 2579/3/6
f 2571/3/6 2572/3/6 2579/3/6
f 2498/3/6 2553/3/6 2579/3/6
f 2553/3/6 2565/3/6 2579/3/6
f 2565/3/6 2571/3/6 2579/3/6
f 2579/3/6 2573/3/6 2580/3/6
f 2558/26/6 2568/26/6 2581/26/6
f 2580/3/6 2573/3/6 2581/3/6
f 2574/26/6 2577/26/6 2581/26/6
f 2568/26/6 2574/26/6 2581/26/6
f 2573/3/6 2558/3/6 2581/3/6
f 2577/20/6 2578/20/6 2582/20/6
f 2581/26/6 2577/26/6 2582/26/6
f 2578/26/6 2564/26/6 2583/26/6
f 2582/20/6 2578/20/6 2583/20/6
f 2498/3/6 2579/3/6 2584/3/6
f 2584/3/6 2579/3/6 2585/3/6
f 2581/3/6 2582/3/6 2586/3/6
f 2580/3/6 2581/3/6 2586/3/6
f 2582/3/6 2583/3/6 2586/3/6
f 2586/3/6 2583/3/6 2587/3/6
f 2587/3/6 2583/3/6 2588/3/6
f 2588/3/6 2583/3/6 2589/3/6
f 2498/3/6 2584/3/6 2590/3/6
f 2488/26/6 2498/26/6 2590/26/6
f 2584/11/6 2585/11/6 2591/11/6
f 2590/3/6 2584/3/6 2591/3/6
f 2586/12/6 2587/12/6 2592/12/6
f 2587/3/6 2588/3/6 2592/3/6
f 2592/3/6 2588/3/6 2593/3/6
f 2593/3/6 2588/3/6 2594/3/6
f 2588/19/6 2589/19/6 2595/19/6
f 2594/3/6 2588/3/6 2595/3/6
f 2589/3/6 2583/3/6 2596/3/6
f 2595/19/6 2589/19/6 2596/19/6
f 2583/26/6 2564/26/6 2597/26/6
f 2596/3/6 2583/3/6 2597/3/6
f 2488/26/6 2590/26/6 2598/26/6
f 2590/11/6 2591/11/6 2599/11/6
f 2598/26/6 2590/26/6 2599/26/6
f 2591/11/6 2585/11/6 2600/11/6
f 2599/11/6 2591/11/6 2600/11/6
f 2586/12/6 2592/12/6 2601/12/6
f 2592/12/6 2593/12/6 2601/12/6
f 2593/3/6 2594/3/6 2602/3/6
f 2601/12/6 2593/12/6 2602/12/6
f 2602/3/6 2594/3/6 2603/3/6
f 2603/3/6 2594/3/6 2604/3/6
f 2604/3/6 2594/3/6 2605/3/6
f 2594/19/6 2595/19/6 2606/19/6
f 2605/3/6 2594/3/6 2606/3/6
f 2606/19/6 2595/19/6 2607/19/6
f 2596/11/6 2597/11/6 2608/11/6
f 2597/26/6 2564/26/6 2609/26/6
f 2608/11/6 2597/11/6 2609/11/6
f 2609/26/6 2564/26/6 2610/26/6
f 2610/26/6 2564/26/6 2611/26/6
f 2564/26/6 2544/26/6 2612/26/6
f 2611/26/6 2564/26/6 2612/26/6
f 2603/26/6 2604/26/6 2613/26/6
f 2609/11/6 2610/11/6 2614/11/6
f 2610/26/6 2611/26/6 2615/26/6
f 2614/11/6 2610/11/6 2615/11/6
f 2615/26/6 2611/26/6 2616/26/6
f 2611/20/6 2612/20/6 2617/20/6
f 2616/26/6 2611/26/6 2617/26/6
f 2612/26/6 2544/26/6 2618/26/6
f 2617/20/6 2612/20/6 2618/20/6
f 2613/26/6 2604/26/6 2619/26/6
f 2615/11/6 2616/11/6 2620/11/6
f 2614/12/6 2615/12/6 2620/12/6
f 2620/11/6 2616/11/6 2621/11/6
f 2616/26/6 2617/26/6 2622/26/6
f 2621/11/6 2616/11/6 2622/11/6
f 2617/26/6 2618/26/6 2622/26/6
f 2622/26/6 2618/26/6 2623/26/6
f 2604/3/6 2605/3/6 2624/3/6
f 2605/19/6 2606/19/6 2624/19/6
f 2624/19/6 2606/19/6 2625/19/6
f 2620/12/6 2621/12/6 2628/12/6
f 2614/12/6 2620/12/6 2628/12/6
f 2628/12/6 2621/12/6 2629/12/6
f 2622/11/6 2623/11/6 2630/11/6
f 2629/12/6 2621/12/6 2630/12/6
f 2621/11/6 2622/11/6 2630/11/6
f 2623/26/6 2618/26/6 2631/26/6
f 2630/11/6 2623/11/6 2631/11/6
f 2618/26/6 2544/26/6 2632/26/6
f 2631/26/6 2618/26/6 2632/26/6
f 2619/26/6 2604/26/6 2633/26/6
f 2625/11/6 2626/11/6 2634/11/6
f 2624/3/6 2625/3/6 2634/3/6
f 2634/11/6 2626/11/6 2635/11/6
f 2628/12/6 2629/12/6 2637/12/6
f 2627/12/6 2628/12/6 2637/12/6
f 2637/12/6 2629/12/6 2638/12/6
f 2629/11/6 2630/11/6 2639/11/6
f 2638/12/6 2629/12/6 2639/12/6
f 2639/11/6 2630/11/6 2640/11/6
f 2631/11/6 2632/11/6 2641/11/6
f 2632/26/6 2544/26/6 2642/26/6
f 2641/11/6 2632/11/6 2642/11/6
f 2544/26/6 2535/26/6 2643/26/6
f 2642/26/6 2544/26/6 2643/26/6
f 2488/26/6 2598/26/6 2644/26/6
f 2633/26/6 2604/26/6 2649/26/6
f 2635/11/6 2636/11/6 2650/11/6
f 2634/3/6 2635/3/6 2650/3/6
f 2637/12/6 2638/12/6 2651/12/6
f 2650/11/6 2636/11/6 2651/11/6
f 2636/12/6 2637/12/6 2651/12/6
f 2638/11/6 2639/11/6 2652/11/6
f 2651/12/6 2638/12/6 2652/12/6
f 2644/26/6 2645/26/6 2653/26/6
f 2645/12/6 2646/12/6 2653/12/6
f 2653/12/6 2646/12/6 2654/12/6
f 2647/12/6 2648/12/6 2655/12/6
f 2648/26/6 2649/26/6 2656/26/6
f 2655/12/6 2648/12/6 2656/12/6
f 2650/3/6 2651/3/6 2657/3/6
f 2651/11/6 2652/11/6 2657/11/6
f 2652/11/6 2639/11/6 2658/11/6
f 2657/11/6 2652/11/6 2658/11/6
f 2654/12/6 2646/12/6 2659/12/6
f 2653/26/6 2654/26/6 2659/26/6
f 2659/12/6 2646/12/6 2660/12/6
f 2647/12/6 2655/12/6 2661/12/6
f 2655/26/6 2656/26/6 2662/26/6
f 2661/12/6 2655/12/6 2662/12/6
f 2658/11/6 2639/11/6 2663/11/6
f 2657/3/6 2658/3/6 2663/3/6
f 2663/11/6 2639/11/6 2664/11/6
f 2642/11/6 2643/11/6 2667/11/6
f 2643/26/6 2535/26/6 2668/26/6
f 2667/11/6 2643/11/6 2668/11/6
f 2659/26/6 2660/26/6 2669/26/6
f 2661/26/6 2662/26/6 2672/26/6
f 2634/3/6 2650/3/6 2673/3/6
f 2662/26/6 2656/26/6 2673/26/6
f 2672/26/6 2662/26/6 2673/26/6
f 2656/26/6 2649/26/6 2673/26/6
f 2649/26/6 2604/26/6 2673/26/6
f 2604/3/6 2624/3/6 2673/3/6
f 2624/3/6 2634/3/6 2673/3/6
f 2650/3/6 2657/3/6 2673/3/6
f 2657/3/6 2663/3/6 2673/3/6
f 2663/26/6 2664/26/6 2674/26/6
f 2673/3/6 2663/3/6 2674/3/6
f 2664/11/6 2665/11/6 2675/11/6
f 2674/26/6 2664/26/6 2675/26/6
f 2675/11/6 2665/11/6 2676/11/6
f 2666/11/6 2667/11/6 2677/11/6
f 2667/26/6 2668/26/6 2678/26/6
f 2677/11/6 2667/11/6 2678/11/6
f 2671/26/6 2672/26/6 2679/26/6
f 2675/26/6 2676/26/6 2679/26/6
f 2673/26/6 2674/26/6 2679/26/6
f 2669/26/6 2670/26/6 2679/26/6
f 2674/26/6 2675/26/6 2679/26/6
f 2676/11/6 2677/11/6 2679/11/6
f 2670/26/6 2671/26/6 2679/26/6
f 2672/26/6 2673/26/6 2679/26/6
f 2677/26/6 2678/26/6 2680/26/6
f 2679/11/6 2677/11/6 2680/11/6
f 2669/26/6 2679/26/6 2681/26/6
f 2679/26/6 2680/26/6 2681/26/6
f 2678/26/6 2668/26/6 2682/26/6
f 2681/26/6 2680/26/6 2682/26/6
f 2680/26/6 2678/26/6 2682/26/6
f 2669/26/6 2681/26/6 2683/26/6
f 2653/26/6 2659/26/6 2683/26/6
f 2659/26/6 2669/26/6 2683/26/6
f 2644/26/6 2653/26/6 2683/26/6
f 2683/26/6 2681/26/6 2684/26/6
f 2684/26/6 2681/26/6 2685/26/6
f 2685/26/6 2681/26/6 2686/26/6
f 2686/26/6 2681/26/6 2687/26/6
f 2687/26/6 2681/26/6 2688/26/6
f 2688/26/6 2681/26/6 2689/26/6
f 2689/26/6 2681/26/6 2690/26/6
f 2690/26/6 2681/26/6 2691/26/6
f 2691/26/6 2681/26/6 2692/26/6
f 2692/26/6 2681/26/6 2693/26/6
f 2693/26/6 2681/26/6 2694/26/6
f 2694/26/6 2681/26/6 2695/26/6
f 2695/26/6 2681/26/6 2696/26/6
f 2682/26/6 2668/26/6 2697/26/6
f 2668/26/6 2535/26/6 2697/26/6
f 2697/26/6 2535/26/6 2698/26/6
f 2644/26/6 2683/26/6 2699/26/6
f 2683/21/6 2684/21/6 2699/21/6
f 2684/26/6 2685/26/6 2700/26/6
f 2699/21/6 2684/21/6 2700/21/6
f 2685/21/6 2686/21/6 2701/21/6
f 2700/26/6 2685/26/6 2701/26/6
f 2686/26/6 2687/26/6 2702/26/6
f 2701/21/6 2686/21/6 2702/21/6
f 2687/21/6 2688/21/6 2703/21/6
f 2702/26/6 2687/26/6 2703/26/6
f 2688/26/6 2689/26/6 2704/26/6
f 2703/21/6 2688/21/6 2704/21/6
f 2689/21/6 2690/21/6 2705/21/6
f 2704/26/6 2689/26/6 2705/26/6
f 2690/26/6 2691/26/6 2706/26/6
f 2705/21/6 2690/21/6 2706/21/6
f 2691/21/6 2692/21/6 2707/21/6
f 2706/26/6 2691/26/6 2707/26/6
f 2692/26/6 2693/26/6 2708/26/6
f 2707/21/6 2692/21/6 2708/21/6
f 2693/21/6 2694/21/6 2709/21/6
f 2708/26/6 2693/26/6 2709/26/6
f 2694/26/6 2695/26/6 2710/26/6
f 2709/21/6 2694/21/6 2710/21/6
f 2695/21/6 2696/21/6 2711/21/6
f 2710/26/6 2695/26/6 2711/26/6
f 2696/26/6 2681/26/6 2712/26/6
f 2711/21/6 2696/21/6 2712/21/6
f 2710/26/6 2711/26/6 2713/26/6
f 2709/26/6 2710/26/6 2713/26/6
f 2711/26/6 2712/26/6 2713/26/6
f 2644/26/6 2699/26/6 2713/26/6
f 2708/26/6 2709/26/6 2713/26/6
f 2707/26/6 2708/26/6 2713/26/6
f 2706/26/6 2707/26/6 2713/26/6
f 2705/26/6 2706/26/6 2713/26/6
f 2704/26/6 2705/26/6 2713/26/6
f 2703/26/6 2704/26/6 2713/26/6
f 2702/26/6 2703/26/6 2713/26/6
f 2701/26/6 2702/26/6 2713/26/6
f 2700/26/6 2701/26/6 2713/26/6
f 2699/26/6 2700/26/6 2713/26/6
f 2712/26/6 2681/26/6 2714/26/6
f 2713/26/6 2712/26/6 2714/26/6
f 2681/3/6 2682/3/6 2714/3/6
f 2714/3/6 2682/3/6 2715/3/6
f 2644/26/6 2713/26/6 2716/26/6
f 2488/26/6 2644/26/6 2716/26/6
f 2714/28/6 2715/28/6 2717/28/6
f 2716/26/6 2713/26/6 2717/26/6
f 2713/28/6 2714/28/6 2717/28/6
f 2715/3/6 2682/3/6 2718/3/6
f 2717/28/6 2715/28/6 2718/28/6
f 2718/3/6 2682/3/6 2719/3/6
f 2716/28/6 2717/28/6 2720/28/6
f 2719/3/6 2682/3/6 2720/3/6
f 2718/28/6 2719/28/6 2720/28/6
f 2717/28/6 2718/28/6 2720/28/6
f 2720/3/6 2682/3/6 2721/3/6
f 2716/28/6 2720/28/6 2722/28/6
f 2720/28/6 2721/28/6 2722/28/6
f 2722/28/6 2721/28/6 2723/28/6
f 2721/3/6 2682/3/6 2724/3/6
f 2723/28/6 2721/28/6 2724/28/6
f 2682/26/6 2697/26/6 2725/26/6
f 2724/3/6 2682/3/6 2725/3/6
f 2488/26/6 2716/26/6 2726/26/6
f 2716/28/6 2722/28/6 2727/28/6
f 2726/26/6 2716/26/6 2727/26/6
f 2697/4/6 2698/4/6 2728/4/6
f 2725/26/6 2697/26/6 2728/26/6
f 2728/4/6 2698/4/6 2729/4/6
f 2726/3/6 2727/3/6 2730/3/6
f 2727/28/6 2722/28/6 2731/28/6
f 2730/3/6 2727/3/6 2731/3/6
f 2731/28/6 2722/28/6 2732/28/6
f 2732/28/6 2722/28/6 2733/28/6
f 2731/28/6 2732/28/6 2734/28/6
f 2732/22/6 2733/22/6 2734/22/6
f 2733/28/6 2722/28/6 2735/28/6
f 2734/22/6 2733/22/6 2735/22/6
f 2725/26/6 2728/26/6 2736/26/6
f 2728/26/6 2729/26/6 2736/26/6
f 2736/26/6 2729/26/6 2737/26/6
f 2734/28/6 2735/28/6 2738/28/6
f 2731/28/6 2734/28/6 2738/28/6
f 2738/28/6 2735/28/6 2739/28/6
f 2731/28/6 2738/28/6 2740/28/6
f 2738/23/6 2739/23/6 2740/23/6
f 2739/28/6 2735/28/6 2741/28/6
f 2740/23/6 2739/23/6 2741/23/6
f 2736/3/6 2737/3/6 2742/3/6
f 2725/26/6 2736/26/6 2742/26/6
f 2742/3/6 2737/3/6 2743/3/6
f 2741/28/6 2735/28/6 2744/28/6
f 2740/28/6 2741/28/6 2744/28/6
f 2735/28/6 2722/28/6 2745/28/6
f 2744/28/6 2735/28/6 2745/28/6
f 2722/18/6 2723/18/6 2746/18/6
f 2745/28/6 2722/28/6 2746/28/6
f 2723/28/6 2724/28/6 2747/28/6
f 2746/18/6 2723/18/6 2747/18/6
f 2724/28/6 2725/28/6 2747/28/6
f 2747/28/6 2725/28/6 2748/28/6
f 2748/28/6 2725/28/6 2749/28/6
f 2742/26/6 2743/26/6 2750/26/6
f 2750/26/6 2743/26/6 2751/26/6
f 2744/21/6 2745/21/6 2752/21/6
f 2740/28/6 2744/28/6 2752/28/6
f 2745/28/6 2746/28/6 2753/28/6
f 2752/21/6 2745/21/6 2753/21/6
f 2746/28/6 2747/28/6 2753/28/6
f 2747/28/6 2748/28/6 2753/28/6
f 2753/28/6 2748/28/6 2754/28/6
f 2754/28/6 2748/28/6 2755/28/6
f 2755/28/6 2748/28/6 2756/28/6
f 2756/28/6 2748/28/6 2757/28/6
f 2757/28/6 2748/28/6 2758/28/6
f 2758/28/6 2748/28/6 2759/28/6
f 2759/28/6 2748/28/6 2760/28/6
f 2760/28/6 2748/28/6 2761/28/6
f 2761/28/6 2748/28/6 2762/28/6
f 2762/28/6 2748/28/6 2763/28/6
f 2763/28/6 2748/28/6 2764/28/6
f 2764/28/6 2748/28/6 2765/28/6
f 2765/28/6 2748/28/6 2766/28/6
f 2766/28/6 2748/28/6 2767/28/6
f 2767/28/6 2748/28/6 2768/28/6
f 2768/28/6 2748/28/6 2769/28/6
f 2769/28/6 2748/28/6 2770/28/6
f 2770/28/6 2748/28/6 2771/28/6
f 2748/21/6 2749/21/6 2772/21/6
f 2771/28/6 2748/28/6 2772/28/6
f 2749/28/6 2725/28/6 2773/28/6
f 2772/21/6 2749/21/6 2773/21/6
f 2740/28/6 2752/28/6 2774/28/6
f 2730/26/6 2731/26/6 2774/26/6
f 2731/28/6 2740/28/6 2774/28/6
f 2774/28/6 2752/28/6 2775/28/6
f 2752/27/6 2753/27/6 2776/27/6
f 2775/28/6 2752/28/6 2776/28/6
f 2753/28/6 2754/28/6 2777/28/6
f 2776/27/6 2753/27/6 2777/27/6
f 2754/22/6 2755/22/6 2778/22/6
f 2777/28/6 2754/28/6 2778/28/6
f 2755/28/6 2756/28/6 2779/28/6
f 2778/22/6 2755/22/6 2779/22/6
f 2756/22/6 2757/22/6 2780/22/6
f 2779/28/6 2756/28/6 2780/28/6
f 2757/28/6 2758/28/6 2781/28/6
f 2780/22/6 2757/22/6 2781/22/6
f 2758/22/6 2759/22/6 2782/22/6
f 2781/28/6 2758/28/6 2782/28/6
f 2759/28/6 2760/28/6 2783/28/6
f 2782/22/6 2759/22/6 2783/22/6
f 2760/22/6 2761/22/6 2784/22/6
f 2783/28/6 2760/28/6 2784/28/6
f 2761/28/6 2762/28/6 2785/28/6
f 2784/22/6 2761/22/6 2785/22/6
f 2762/22/6 2763/22/6 2786/22/6
f 2785/28/6 2762/28/6 2786/28/6
f 2763/28/6 2764/28/6 2787/28/6
f 2786/22/6 2763/22/6 2787/22/6
f 2764/22/6 2765/22/6 2788/22/6
f 2787/28/6 2764/28/6 2788/28/6
f 2765/28/6 2766/28/6 2789/28/6
f 2788/22/6 2765/22/6 2789/22/6
f 2766/22/6 2767/22/6 2790/22/6
f 2789/28/6 2766/28/6 2790/28/6
f 2767/28/6 2768/28/6 2791/28/6
f 2790/22/6 2767/22/6 2791/22/6
f 2768/22/6 2769/22/6 2792/22/6
f 2791/28/6 2768/28/6 2792/28/6
f 2769/28/6 2770/28/6 2793/28/6
f 2792/22/6 2769/22/6 2793/22/6
f 2770/22/6 2771/22/6 2794/22/6
f 2793/28/6 2770/28/6 2794/28/6
f 2771/28/6 2772/28/6 2795/28/6
f 2794/22/6 2771/22/6 2795/22/6
f 2772/27/6 2773/27/6 2796/27/6
f 2795/28/6 2772/28/6 2796/28/6
f 2773/28/6 2725/28/6 2797/28/6
f 2796/27/6 2773/27/6 2797/27/6
f 2797/28/6 2725/28/6 2798/28/6
f 2725/26/6 2742/26/6 2799/26/6
f 2798/28/6 2725/28/6 2799/28/6
f 2742/26/6 2750/26/6 2799/26/6
f 2795/28/6 2796/28/6 2800/28/6
f 2797/28/6 2798/28/6 2800/28/6
f 2794/28/6 2795/28/6 2800/28/6
f 2793/28/6 2794/28/6 2800/28/6
f 2790/28/6 2791/28/6 2800/28/6
f 2789/28/6 2790/28/6 2800/28/6
f 2788/28/6 2789/28/6 2800/28/6
f 2787/28/6 2788/28/6 2800/28/6
f 2786/28/6 2787/28/6 2800/28/6
f 2785/28/6 2786/28/6 2800/28/6
f 2784/28/6 2785/28/6 2800/28/6
f 2783/28/6 2784/28/6 2800/28/6
f 2782/28/6 2783/28/6 2800/28/6
f 2781/28/6 2782/28/6 2800/28/6
f 2780/28/6 2781/28/6 2800/28/6
f 2779/28/6 2780/28/6 2800/28/6
f 2778/28/6 2779/28/6 2800/28/6
f 2777/28/6 2778/28/6 2800/28/6
f 2776/28/6 2777/28/6 2800/28/6
f 2775/28/6 2776/28/6 2800/28/6
f 2774/26/6 2775/26/6 2800/26/6
f 2792/28/6 2793/28/6 2800/28/6
f 2796/28/6 2797/28/6 2800/28/6
f 2791/28/6 2792/28/6 2800/28/6
f 2798/26/6 2799/26/6 2801/26/6
f 2800/28/6 2798/28/6 2801/28/6
f 2774/26/6 2800/26/6 2802/26/6
f 2730/26/6 2774/26/6 2802/26/6
f 2800/26/6 2801/26/6 2802/26/6
f 2799/26/6 2750/26/6 2803/26/6
f 2802/26/6 2801/26/6 2803/26/6
f 2801/26/6 2799/26/6 2803/26/6
f 2750/4/6 2751/4/6 2803/4/6
f 2803/4/6 2751/4/6 2804/4/6
f 2807/26/6 2808/26/6 2812/26/6
f 2812/26/6 2808/26/6 2813/26/6
f 2810/26/6 2811/26/6 2814/26/6
f 2814/26/6 2811/26/6 2815/26/6
f 2805/26/6 2806/26/6 2816/26/6
f 2816/26/6 2806/26/6 2817/26/6
f 2807/26/6 2812/26/6 2818/26/6
f 2813/26/6 2808/26/6 2825/26/6
f 2810/26/6 2814/26/6 2826/26/6
f 2814/4/6 2815/4/6 2827/4/6
f 2826/26/6 2814/26/6 2827/26/6
f 2827/4/6 2815/4/6 2828/4/6
f 2817/26/6 2806/26/6 2829/26/6
f 2829/26/6 2806/26/6 2830/26/6
f 2807/26/6 2818/26/6 2831/26/6
f 2818/26/6 2819/26/6 2831/26/6
f 2831/26/6 2819/26/6 2832/26/6
f 2820/26/6 2821/26/6 2833/26/6
f 2833/26/6 2821/26/6 2834/26/6
f 2822/26/6 2823/26/6 2835/26/6
f 2835/26/6 2823/26/6 2836/26/6
f 2824/26/6 2825/26/6 2837/26/6
f 2808/3/6 2809/3/6 2838/3/6
f 2837/26/6 2825/26/6 2838/26/6
f 2825/26/6 2808/26/6 2838/26/6
f 2838/3/6 2809/3/6 2839/3/6
f 2810/26/6 2826/26/6 2840/26/6
f 2826/4/6 2827/4/6 2841/4/6
f 2840/26/6 2826/26/6 2841/26/6
f 2841/4/6 2827/4/6 2842/4/6
f 2843/1/6 2844/1/6 2847/1/6
f 2847/1/6 2844/1/6 2848/1/6
f 2845/1/6 2846/1/6 2851/1/6
f 2851/1/6 2846/1/6 2852/1/6
f 2843/1/6 2847/1/6 2855/1/6
f 2847/5/6 2848/5/6 2856/5/6
f 2855/1/6 2847/1/6 2856/1/6
f 2848/5/6 2849/5/6 2856/5/6
f 2856/5/6 2849/5/6 2857/5/6
f 2849/1/6 2850/1/6 2858/1/6
f 2857/5/6 2849/5/6 2858/5/6
f 2858/1/6 2850/1/6 2859/1/6
f 2845/1/6 2851/1/6 2861/1/6
f 2852/5/6 2853/5/6 2862/5/6
f 2861/1/6 2851/1/6 2862/1/6
f 2851/5/6 2852/5/6 2862/5/6
f 2862/5/6 2853/5/6 2863/5/6
f 2853/1/6 2854/1/6 2864/1/6
f 2863/5/6 2853/5/6 2864/5/6
f 2864/1/6 2854/1/6 2865/1/6
f 2859/5/6 2860/5/6 2867/5/6
f 2858/5/6 2859/5/6 2867/5/6
f 2857/5/6 2858/5/6 2867/5/6
f 2867/5/6 2860/5/6 2868/5/6
f 2868/5/6 2860/5/6 2869/5/6
f 2869/5/6 2860/5/6 2870/5/6
f 2865/5/6 2866/5/6 2871/5/6
f 2864/5/6 2865/5/6 2871/5/6
f 2863/5/6 2864/5/6 2871/5/6
f 2871/5/6 2866/5/6 2872/5/6
f 2872/5/6 2866/5/6 2873/5/6
f 2873/5/6 2866/5/6 2874/5/6
f 2868/5/6 2869/5/6 2875/5/6
f 2869/7/6 2870/7/6 2876/7/6
f 2875/5/6 2869/5/6 2876/5/6
f 2876/7/6 2870/7/6 2877/7/6
f 2872/5/6 2873/5/6 2878/5/6
f 2873/7/6 2874/7/6 2879/7/6
f 2878/5/6 2873/5/6 2879/5/6
f 2879/7/6 2874/7/6 2880/7/6
f 2881/1/6 2882/1/6 2883/1/6
f 2883/1/6 2882/1/6 2884/1/6
f 2883/5/6 2884/5/6 2885/5/6
f 2885/5/6 2884/5/6 2886/5/6
f 2881/1/6 2883/1/6 2890/1/6
f 2883/5/6 2885/5/6 2891/5/6
f 2890/1/6 2883/1/6 2891/1/6
f 2885/1/6 2886/1/6 2892/1/6
f 2891/5/6 2885/5/6 2892/5/6
f 2886/5/6 2884/5/6 2893/5/6
f 2892/1/6 2886/1/6 2893/1/6
f 2893/5/6 2884/5/6 2894/5/6
f 2887/9/6 2888/9/6 2897/9/6
f 2897/9/6 2888/9/6 2898/9/6
f 2889/1/6 2890/1/6 2900/1/6
f 2890/5/6 2891/5/6 2901/5/6
f 2900/1/6 2890/1/6 2901/1/6
f 2891/5/6 2892/5/6 2901/5/6
f 2892/5/6 2893/5/6 2901/5/6
f 2893/5/6 2894/5/6 2901/5/6
f 2901/5/6 2894/5/6 2902/5/6
f 2902/5/6 2894/5/6 2903/5/6
f 2894/1/6 2895/1/6 2904/1/6
f 2903/5/6 2894/5/6 2904/5/6
f 2904/1/6 2895/1/6 2905/1/6
f 2900/5/6 2901/5/6 2906/5/6
f 2901/5/6 2902/5/6 2906/5/6
f 2906/5/6 2902/5/6 2907/5/6
f 2907/5/6 2902/5/6 2908/5/6
f 2902/6/6 2903/6/6 2909/6/6
f 2908/5/6 2902/5/6 2909/5/6
f 2904/5/6 2905/5/6 2910/5/6
f 2909/6/6 2903/6/6 2910/6/6
f 2903/5/6 2904/5/6 2910/5/6
f 2910/5/6 2905/5/6 2911/5/6
f 2911/5/6 2905/5/6 2912/5/6
f 2912/5/6 2905/5/6 2913/5/6
f 2913/5/6 2905/5/6 2914/5/6
f 2914/5/6 2905/5/6 2915/5/6
f 2897/27/6 2898/27/6 2916/27/6
f 2898/17/6 2899/17/6 2917/17/6
f 2916/27/6 2898/27/6 2917/27/6
f 2907/5/6 2908/5/6 2918/5/6
f 2908/6/6 2909/6/6 2918/6/6
f 2909/8/6 2910/8/6 2919/8/6
f 2918/6/6 2909/6/6 2919/6/6
f 2910/7/6 2911/7/6 2920/7/6
f 2919/8/6 2910/8/6 2920/8/6
f 2911/5/6 2912/5/6 2921/5/6
f 2920/7/6 2911/7/6 2921/7/6
f 2896/9/6 2897/9/6 2922/9/6
f 2897/27/6 2916/27/6 2923/27/6
f 2922/9/6 2897/9/6 2923/9/6
f 2916/10/6 2917/10/6 2924/10/6
f 2923/27/6 2916/27/6 2924/27/6
f 2917/17/6 2899/17/6 2925/17/6
f 2924/10/6 2917/10/6 2925/10/6
f 2925/17/6 2899/17/6 2926/17/6
f 2906/1/6 2907/1/6 2929/1/6
f 2900/5/6 2906/5/6 2929/5/6
f 2907/5/6 2918/5/6 2930/5/6
f 2929/1/6 2907/1/6 2930/1/6
f 2918/5/6 2919/5/6 2930/5/6
f 2919/8/6 2920/8/6 2931/8/6
f 2930/5/6 2919/5/6 2931/5/6
f 2920/5/6 2921/5/6 2932/5/6
f 2931/8/6 2920/8/6 2932/8/6
f 2921/5/6 2912/5/6 2933/5/6
f 2932/5/6 2921/5/6 2933/5/6
f 2912/1/6 2913/1/6 2934/1/6
f 2933/5/6 2912/5/6 2934/5/6
f 2913/5/6 2914/5/6 2935/5/6
f 2934/1/6 2913/1/6 2935/1/6
f 2914/8/6 2915/8/6 2936/8/6
f 2935/5/6 2914/5/6 2936/5/6
f 2936/8/6 2915/8/6 2937/8/6
f 2923/17/6 2924/17/6 2938/17/6
f 2924/17/6 2925/17/6 2938/17/6
f 2938/17/6 2925/17/6 2939/17/6
f 2927/9/6 2928/9/6 2941/9/6
f 2941/9/6 2928/9/6 2942/9/6
f 2889/1/6 2900/1/6 2944/1/6
f 2931/5/6 2932/5/6 2945/5/6
f 2944/1/6 2900/1/6 2945/1/6
f 2930/5/6 2931/5/6 2945/5/6
f 2900/5/6 2929/5/6 2945/5/6
f 2932/5/6 2933/5/6 2945/5/6
f 2929/5/6 2930/5/6 2945/5/6
f 2945/5/6 2933/5/6 2946/5/6
f 2946/5/6 2933/5/6 2947/5/6
f 2947/5/6 2933/5/6 2948/5/6
f 2933/7/6 2934/7/6 2949/7/6
f 2948/5/6 2933/5/6 2949/5/6
f 2934/8/6 2935/8/6 2950/8/6
f 2949/7/6 2934/7/6 2950/7/6
f 2935/8/6 2936/8/6 2950/8/6
f 2936/7/6 2937/7/6 2951/7/6
f 2950/8/6 2936/8/6 2951/8/6
f 2951/7/6 2937/7/6 2952/7/6
f 2948/1/6 2949/1/6 2953/1/6
f 2947/5/6 2948/5/6 2953/5/6
f 2949/8/6 2950/8/6 2954/8/6
f 2953/1/6 2949/1/6 2954/1/6
f 2941/27/6 2942/27/6 2955/27/6
f 2942/17/6 2943/17/6 2956/17/6
f 2955/27/6 2942/27/6 2956/27/6
f 2947/5/6 2953/5/6 2957/5/6
f 2953/5/6 2954/5/6 2957/5/6
f 2946/1/6 2947/1/6 2957/1/6
f 2957/5/6 2954/5/6 2958/5/6
f 2954/8/6 2950/8/6 2959/8/6
f 2958/5/6 2954/5/6 2959/5/6
f 2940/9/6 2941/9/6 2960/9/6
f 2941/27/6 2955/27/6 2961/27/6
f 2960/9/6 2941/9/6 2961/9/6
f 2955/10/6 2956/10/6 2962/10/6
f 2961/27/6 2955/27/6 2962/27/6
f 2956/17/6 2943/17/6 2963/17/6
f 2962/10/6 2956/10/6 2963/10/6
f 2963/17/6 2943/17/6 2964/17/6
f 2946/1/6 2957/1/6 2965/1/6
f 2957/7/6 2958/7/6 2966/7/6
f 2965/1/6 2957/1/6 2966/1/6
f 2958/8/6 2959/8/6 2967/8/6
f 2966/7/6 2958/7/6 2967/7/6
f 2959/8/6 2950/8/6 2968/8/6
f 2967/8/6 2959/8/6 2968/8/6
f 2961/17/6 2962/17/6 2969/17/6
f 2962/17/6 2963/17/6 2969/17/6
f 2969/17/6 2963/17/6 2970/17/6
